date,open_price,high_price,low_price,close_price,volume,company_id
2023-03-01,160.92,163.59,160.59,162.05,7470391,8
2023-03-02,161.98,163.49,161.5901,162.56,5582097,8
2023-03-03,160.87,165.58,160.42,164.96,6007546,8
2023-03-06,164.34,166.8,163.81,166.17,7703600,8
2023-03-07,165.7,166.6,163.58,164.03,7392967,8
2023-03-08,163.23,165.29,161.38,162.99,5435819,8
2023-03-09,163.79,165.49,160.19,160.51,6214745,8
2023-03-10,160.94,164.67,158.67,159.67,7385803,8
2023-03-13,156.44,160.95,153.8,158.71,10106133,8
2023-03-14,158.26,164.02,157.88,160.76,10035193,8
2023-03-15,155.59,157.95,152.01,153.8,14063141,8
2023-03-16,150.16,155.465,149.91,154.29,12852173,8
2023-03-17,153.62,155.38,150.6,152.34,33161774,8
2023-03-20,151.74,155.78,151.29,154.58,8461413,8
2023-03-21,157.16,159.57,156.47,159.31,9753541,8
2023-03-22,159.87,160.06,155.93,156.07,6314994,8
2023-03-23,157.02,158.755,153.14,154.52,7859437,8
2023-03-24,152.1,156.65,151.83,156.06,6601923,8
2023-03-27,157.4,158.48,155.69,157.65,7006768,8
2023-03-28,157.28,160.19,156.68,159.49,5605382,8
2023-03-29,160.62,161.32,159.3348,160.86,7569727,8
2023-03-30,162.25,163.01,161.58,162.39,6322353,8
2023-03-31,162.7,163.72,162.15,163.16,7041436,8
2023-04-03,169.8,171.1,168.92,169.95,12868174,8
2023-04-04,171.14,171.14,167.72,169.04,7521448,8
2023-04-05,169.26,170.44,167.74,169.88,6478114,8
2023-04-06,169.345,169.41,167.13,167.65,5803168,8
2023-04-10,168.49,169.675,167.31,168.29,5923503,8
2023-04-11,169.065,170.34,168.07,169.22,5469592,8
2023-04-12,170.45,171.12,169.47,169.82,6157875,8
2023-04-13,170.25,172.47,169.82,172.09,6856568,8
2023-04-14,172.5,172.88,171.22,172.44,4930721,8
2023-04-17,172.39,172.54,170.22,170.92,7005985,8
2023-04-18,170.82,172.39,170.125,170.52,8045627,8
2023-04-19,169.46,170.74,169.095,170.68,5506770,8
2023-04-20,168.76,170.06,168.02,169.85,5851104,8
2023-04-21,169.83,170.59,168.84,169.12,7179013,8
2023-04-24,169.1,172.38,168.58,171.48,7177576,8
2023-04-25,170.32,170.4,168.43,168.99,5807244,8
2023-04-26,168.21,168.95,165.23,165.98,5927431,8
2023-04-27,166.43,167.3866,165.07,166.95,6417225,8
2023-04-28,164.5,168.94,164.05,168.58,10036290,8
2023-05-01,167.71,168.73,166.36,167.24,6099800,8
2023-05-02,165.32,165.38,158.45,160.04,10701666,8
2023-05-03,158.15,159.57,156.74,156.83,7538057,8
2023-05-04,157.11,158.1999,155.42,156.22,7500368,8
2023-05-05,159.3,161.12,158.78,160.21,5801986,8
2023-05-08,161.57,162.3,159.52,159.58,5028202,8
2023-05-09,158.11,160.415,157.9125,159.12,5019809,8
2023-05-10,160.44,160.44,155.881,157.09,6161227,8
2023-05-11,155.38,156.32,153.89,156.22,6666132,8
2023-05-12,157.0,157.93,155.56,156.62,4898904,8
2023-05-15,157.23,158.1629,156.23,157.2,5096748,8
2023-05-16,156.48,157.02,153.3289,153.51,7009079,8
2023-05-17,154.785,156.42,153.96,155.71,6169555,8
2023-05-18,152.87,154.24,151.53,154.01,7477698,8
2023-05-19,154.89,156.44,153.985,155.23,8100946,8
2023-05-22,153.79,154.83,152.09,152.44,11660950,8
2023-05-23,154.14,157.6795,153.84,156.85,10436207,8
2023-05-24,157.95,158.57,156.29,157.27,7063999,8
2023-05-25,154.68,155.625,153.5,154.56,7037671,8
2023-05-26,155.29,155.63,153.46,154.08,7736203,8
2023-05-30,151.67,153.26,151.21,153.12,7814766,8
2023-05-31,151.544,152.4201,150.36,150.62,13346443,8
2023-06-01,151.3,153.74,149.74,152.16,9887729,8
2023-06-02,154.58,156.75,153.61,156.26,9464262,8
2023-06-05,158.45,158.45,155.24,155.51,6443842,8
2023-06-06,153.33,156.16,153.2,155.79,6176434,8
2023-06-07,156.55,160.21,156.5,159.83,9900022,8
2023-06-08,160.16,160.49,157.09,159.24,7142908,8
2023-06-09,159.28,160.39,158.62,158.86,6669832,8
2023-06-12,157.06,159.3275,156.23,157.33,7162092,8
2023-06-13,158.52,160.58,158.27,158.51,7660771,8
2023-06-14,159.98,160.77,156.145,157.09,7721057,8
2023-06-15,157.32,159.79,157.32,158.28,7705434,8
2023-06-16,158.57,159.24,157.26,157.26,22875222,8
2023-06-20,156.15,156.57,152.24,153.68,10443232,8
2023-06-21,152.67,155.96,152.5,154.88,7328152,8
2023-06-22,153.35,153.585,151.974,152.64,7089588,8
2023-06-23,151.01,151.7,150.13,151.35,15172660,8
2023-06-26,151.62,154.97,151.54,154.01,7371817,8
2023-06-27,153.5,154.71,152.8192,153.53,6581662,8
2023-06-28,153.44,155.02,152.19,154.92,5773828,8
2023-06-29,155.43,156.27,154.44,156.24,5633479,8
2023-06-30,157.46,157.92,156.605,157.35,6346777,8
2023-07-03,157.18,158.1,156.7,157.21,3272586,8
2023-07-05,157.7,157.7,155.12,156.31,6320294,8
2023-07-06,155.195,155.83,151.63,152.88,9206088,8
2023-07-07,152.14,155.99,151.96,154.22,6602217,8
2023-07-10,153.93,155.79,153.92,155.25,5167916,8
2023-07-11,156.0,158.405,155.66,158.12,5061517,8
2023-07-12,159.22,160.34,158.33,159.64,6463957,8
2023-07-13,159.84,160.6,156.57,157.51,8143855,8
2023-07-14,157.01,157.02,153.3,153.58,7065664,8
2023-07-17,153.35,154.14,152.64,153.44,4353317,8
2023-07-18,152.67,156.07,152.37,153.75,6798680,8
2023-07-19,153.83,155.7787,153.28,154.69,5653115,8
2023-07-20,156.16,157.19,155.71,156.4,5866574,8
2023-07-21,157.53,158.83,157.0595,158.69,8760132,8
2023-07-24,160.47,164.04,160.01,161.82,9722057,8
2023-07-25,161.91,163.51,160.66,162.56,6767564,8
2023-07-26,160.88,162.086,160.55,161.34,6056366,8
2023-07-27,162.09,162.47,159.22,159.66,6470137,8
2023-07-28,158.4101,159.0,156.51,158.87,6546464,8
2023-07-31,161.13,163.9771,160.62,163.66,13062491,8
2023-08-01,163.64,163.64,160.5525,162.3,7534939,8
2023-08-02,161.17,161.22,158.06,159.73,7071269,8
2023-08-03,159.91,161.7,158.855,159.67,6682224,8
2023-08-04,160.66,163.02,159.04,159.31,10185371,8
2023-08-07,161.01,161.38,159.08,159.89,13927388,8
2023-08-08,157.94,159.79,156.22,159.65,6451267,8
2023-08-09,160.86,161.44,159.31,159.86,10531477,8
2023-08-10,160.33,162.4799,159.6188,160.83,8647064,8
2023-08-11,160.5,164.17,160.18,164.15,6682611,8
2023-08-14,163.77,164.25,162.6101,164.03,6060083,8
2023-08-15,163.4,163.41,159.1,159.24,7876471,8
2023-08-16,160.52,161.83,158.47,158.63,7920458,8
2023-08-17,159.18,162.14,158.97,159.75,8270458,8
2023-08-18,158.38,161.32,158.16,160.9,5999190,8
2023-08-21,161.2,162.07,159.45,160.36,6802337,8
2023-08-22,160.49,161.25,158.97,159.04,6081658,8
2023-08-23,158.14,159.405,156.7,159.25,4975570,8
2023-08-24,157.73,159.89,157.56,157.94,5989609,8
2023-08-25,159.07,159.91,157.645,159.12,5291847,8
2023-08-28,159.53,161.8,159.215,160.21,4386082,8
2023-08-29,160.91,160.95,159.1,159.96,5374765,8
2023-08-30,160.59,161.25,159.93,160.18,5534892,8
2023-08-31,161.01,161.24,159.93,161.1,7003681,8
2023-09-01,162.64,164.69,162.64,164.3,6663003,8
2023-09-05,165.28,167.56,165.2,166.46,9755844,8
2023-09-06,166.28,167.4387,165.58,166.63,7195549,8
2023-09-07,167.14,167.9,166.28,166.64,7925879,8
2023-09-08,167.42,168.489,166.705,167.21,7435923,8
2023-09-11,168.08,168.59,162.87,163.76,7155050,8
2023-09-12,165.3,167.19,165.1,166.81,7521146,8
2023-09-13,167.405,167.75,165.58,166.2,5759464,8
2023-09-14,167.7,168.5,167.1192,167.23,8822822,8
2023-09-15,166.21,168.37,165.88,166.5,17439739,8
2023-09-18,167.8699,168.36,166.4,167.22,7027558,8
2023-09-19,168.69,168.96,166.425,167.2,6617029,8
2023-09-20,167.07,168.51,166.6,166.69,5942108,8
2023-09-21,167.12,167.87,165.05,165.19,7150432,8
2023-09-22,166.23,167.42,165.94,166.28,5965497,8
2023-09-25,166.33,168.78,165.99,168.71,5509956,8
2023-09-26,167.44,168.41,166.98,167.8,5659200,8
2023-09-27,169.37,171.23,168.81,171.04,9124395,8
2023-09-28,170.55,171.7,169.43,170.59,7151760,8
2023-09-29,170.49,170.5,167.82,168.62,7396096,8
2023-10-02,168.34,168.57,165.23,166.54,6839611,8
2023-10-03,165.92,167.36,165.51,166.93,6168626,8
2023-10-04,164.7,164.98,161.49,163.04,9664693,8
2023-10-05,161.42,164.7537,161.39,163.9,8073048,8
2023-10-06,164.31,164.37,158.99,162.23,10190409,8
2023-10-09,166.38,168.19,164.95,166.72,8183490,8
2023-10-10,166.765,167.4,165.675,166.54,6512874,8
2023-10-11,165.07,165.08,160.48,161.1,12570718,8
2023-10-12,163.26,163.26,160.9,161.23,7396969,8
2023-10-13,163.41,164.84,162.3,164.06,8044677,8
2023-10-16,165.34,165.81,163.85,165.4,5445954,8
2023-10-17,164.83,168.2,164.65,167.59,7538316,8
2023-10-18,168.47,169.7,167.5817,168.92,6893452,8
2023-10-19,168.7,170.17,167.51,169.1,6580157,8
2023-10-20,168.41,169.1,166.095,166.83,7458286,8
2023-10-23,163.3,164.43,160.25,160.68,16232376,8
2023-10-24,160.89,161.08,156.47,156.65,17689936,8
2023-10-25,156.94,157.41,155.17,155.87,10502368,8
2023-10-26,155.01,155.18,153.63,154.75,10830422,8
2023-10-27,150.72,151.25,143.96,144.35,24524341,8
2023-10-30,145.66,146.44,144.32,146.09,13857148,8
2023-10-31,146.1,146.5178,144.23,145.73,14261264,8
2023-11-01,145.98,146.015,143.82,143.98,10819561,8
2023-11-02,144.54,148.9999,143.83,148.76,11099076,8
2023-11-03,148.3,148.56,146.15,147.61,13159994,8
2023-11-06,148.73,149.3299,146.69,147.0,10634159,8
2023-11-07,145.16,145.61,143.24,144.41,15054584,8
2023-11-08,143.88,144.65,142.25,142.4,12654140,8
2023-11-09,143.05,143.91,141.78,141.94,10359504,8
2023-11-10,143.29,143.44,141.73,142.95,11990412,8
2023-11-13,143.15,144.3,142.85,144.0,8747672,8
2023-11-14,144.48,145.5,143.86,145.05,11224352,8
2023-11-15,144.86,146.64,144.41,145.56,10052077,8
2023-11-16,143.02,143.51,140.74,141.77,14031345,8
2023-11-17,142.95,145.185,142.4,144.46,11077904,8
2023-11-20,144.63,145.69,144.27,144.38,8064012,8
2023-11-21,143.83,144.3,142.7,144.04,6783311,8
2023-11-22,141.74,144.39,140.72,144.33,7217065,8
2023-11-24,144.3,145.94,144.2,144.9,3861030,8
2023-11-27,144.65,144.82,142.85,144.36,9850831,8
2023-11-28,144.78,146.52,144.06,145.51,9746540,8
2023-11-29,146.39,146.49,143.06,143.91,16417135,8
2023-11-30,144.98,146.01,142.03,143.6,16275960,8
2023-12-01,143.49,146.505,142.6,144.81,11906547,8
2023-12-04,144.0,145.7,143.25,144.87,11842828,8
2023-12-05,144.76,145.07,142.63,142.86,9597632,8
2023-12-06,141.9,144.03,141.35,142.53,18079684,8
2023-12-07,143.51,144.01,140.99,142.42,14786736,8
2023-12-08,143.51,144.67,143.12,144.31,10821744,8
2023-12-11,144.84,145.4,143.82,144.35,9849572,8
2023-12-12,143.17,143.59,141.75,142.5,9863867,8
2023-12-13,142.17,144.68,141.65,144.61,10641316,8
2023-12-14,145.85,149.93,145.85,149.93,14960477,8
2023-12-15,147.32,149.82,147.32,149.35,30850872,8
2023-12-18,150.83,152.12,149.32,149.68,11561718,8
2023-12-19,149.96,151.83,149.49,151.64,8738146,8
2023-12-20,152.15,153.06,150.06,150.25,9369987,8
2023-12-21,150.78,150.8,149.22,150.71,7264662,8
2023-12-22,151.74,152.39,150.75,151.05,6396080,8
2023-12-26,152.07,153.01,151.9,152.41,5165588,8
2023-12-27,152.27,152.97,151.34,151.91,5337244,8
2023-12-28,151.18,152.02,149.4,149.77,8147993,8
2023-12-29,150.03,150.23,148.67,149.16,7658638,8
2024-01-02,149.985,151.475,149.24,149.48,8879710,8
2024-01-03,149.39,153.19,148.68,152.33,10255276,8
2024-01-04,153.66,154.35,150.59,150.66,8220280,8
2024-01-05,151.98,152.03,149.83,150.4,7455430,8
2024-01-08,148.42,149.695,146.58,149.5,10038193,8
2024-01-09,149.95,149.95,145.59,145.7,11784672,8
2024-01-10,146.02,146.02,144.11,144.5,8490407,8
2024-01-11,145.56,146.17,144.62,145.28,8612493,8
2024-01-12,147.83,148.5,146.17,147.27,9386923,8
2024-01-16,146.515,146.58,143.58,143.69,9380352,8
2024-01-17,142.42,144.02,142.04,143.12,8167002,8
2024-01-18,143.0,143.19,139.62,141.82,11187839,8
2024-01-19,141.73,142.25,141.01,142.24,11192463,8
2024-01-22,141.91,142.66,140.92,142.49,9184626,8
2024-01-23,141.985,143.33,141.9,142.09,6767179,8
2024-01-24,142.7,144.98,142.221,144.92,8100014,8
2024-01-25,146.22,148.69,145.225,148.57,9773620,8
2024-01-26,148.03,149.26,146.98,149.14,9151896,8
2024-01-29,149.09,149.22,147.11,149.08,10494818,8
2024-01-30,148.18,150.3056,147.71,150.12,9902881,8
2024-01-31,150.37,150.38,147.34,147.43,10427972,8
2024-02-01,148.19,149.02,146.52,147.89,8138669,8
2024-02-02,150.86,153.38,149.55,152.24,12839063,8
2024-02-05,151.62,153.51,150.7904,152.33,8277776,8
2024-02-06,152.5,153.54,151.81,152.35,6198841,8
2024-02-07,153.02,153.78,151.17,152.13,6252041,8
2024-02-08,151.95,154.3,151.65,154.06,9236968,8
2024-02-09,154.42,155.32,150.98,151.04,9194458,8
2024-02-12,151.62,152.6137,151.39,152.08,6713003,8
2024-02-13,152.62,153.07,149.605,150.6,6987058,8
2024-02-14,151.28,152.2,150.08,151.01,5995064,8
2024-02-15,149.91,155.09,149.67,154.46,8950304,8
2024-02-16,155.37,155.77,154.09,154.63,7570220,8
2024-02-20,155.47,155.61,153.83,154.0,6977945,8
2024-02-21,154.57,155.565,154.1,155.44,6630084,8
2024-02-22,154.82,156.625,153.83,155.43,8874924,8
2024-02-23,154.87,154.92,153.25,154.66,6561628,8
2024-02-26,154.54,155.55,153.83,154.45,6900801,8
2024-02-27,153.2,153.88,149.9,152.16,15093755,8
2024-02-28,152.358,153.86,151.78,152.34,6715861,8
2024-02-29,152.91,153.24,151.48,152.01,9334432,8
2024-03-01,153.05,154.3499,152.25,152.81,7459056,8
2024-03-04,152.5,152.59,147.67,148.88,12503154,8
2024-03-05,148.83,150.62,148.3,149.59,6985516,8
2024-03-06,150.83,152.41,148.14,148.33,14692135,8
2024-03-07,148.5,150.7495,148.45,149.37,8739348,8
2024-03-08,149.37,149.99,148.39,149.88,7528378,8
2024-03-11,150.5,152.08,149.59,152.0,7577064,8
2024-03-12,151.83,152.57,150.79,151.89,6432930,8
2024-03-13,153.24,154.88,153.15,153.89,8065649,8
2024-03-14,153.77,155.73,152.76,155.7,9047206,8
2024-03-15,155.19,157.04,154.42,155.55,20387157,8
2024-03-18,156.03,156.67,154.944,155.41,7242711,8
2024-03-19,155.3,156.84,155.01,156.62,7736723,8
2024-03-20,155.76,156.43,154.23,154.55,8449145,8
2024-03-21,154.95,155.69,154.41,154.86,7899084,8
2024-03-22,155.08,155.28,154.16,154.66,5974745,8
2024-03-25,155.48,157.31,155.27,156.47,6058745,8
2024-03-26,156.52,156.86,154.65,155.27,6677938,8
2024-03-27,154.87,156.44,154.85,156.35,7416870,8
2024-03-28,157.15,158.19,156.37,157.74,8331627,8
2024-04-01,158.27,159.5899,156.94,159.08,6285717,8
2024-04-02,160.05,161.22,159.02,159.78,8815351,8
2024-04-03,160.1,160.95,159.72,160.44,7819734,8
2024-04-04,160.8,161.95,159.82,160.69,9269716,8
2024-04-05,161.33,162.17,159.86,161.6,7432807,8
2024-04-08,161.65,162.501,160.33,161.27,7253196,8
2024-04-09,161.85,162.5316,160.46,162.0,6577437,8
2024-04-10,162.21,162.77,161.01,162.67,7525837,8
2024-04-11,163.62,163.62,159.8,161.89,7682512,8
2024-04-12,162.29,163.87,158.045,158.96,11071045,8
2024-04-15,159.94,160.4899,157.36,157.59,7236857,8
2024-04-16,157.3,157.81,155.42,156.28,5541895,8
2024-04-17,155.99,157.7099,155.64,156.4,6733879,8
2024-04-18,157.14,158.04,156.39,157.57,4979193,8
2024-04-19,158.75,160.75,158.1495,160.0,7732028,8
2024-04-22,159.95,162.7,158.4403,161.92,6779221,8
2024-04-23,161.31,162.85,160.6,162.85,5597617,8
2024-04-24,161.88,163.84,161.446,163.57,7610335,8
2024-04-25,163.7,165.6,162.67,165.28,9702581,8
2024-04-26,165.23,166.98,163.3,165.89,9736350,8
2024-04-29,165.91,167.11,164.69,166.33,6366752,8
2024-04-30,165.97,166.12,160.95,161.27,8457341,8
2024-05-01,160.78,161.45,158.9,159.63,7714962,8
2024-05-02,160.41,161.775,159.89,160.73,8597124,8
2024-05-03,160.66,160.66,157.04,160.25,11664505,8
2024-05-06,160.73,164.02,160.73,162.3,8430277,8
2024-05-07,162.31,163.15,162.02,162.67,6869948,8
2024-05-08,161.95,163.08,161.5367,162.54,6706361,8
2024-05-09,163.02,165.51,162.73,165.45,6683313,8
2024-05-10,166.04,166.42,165.0153,165.82,5490944,8
2024-05-13,166.48,166.91,162.98,164.53,6848303,8
2024-05-14,164.34,165.2,163.02,163.61,4923968,8
2024-05-15,163.13,163.8,160.17,163.05,7603063,8
2024-05-16,161.53,162.0,160.48,161.09,6409418,8
2024-05-17,161.75,162.9679,161.19,162.67,5497919,8
2024-05-20,162.72,163.0,161.075,161.14,4913820,8
2024-05-21,160.58,161.46,159.74,159.97,4783287,8
2024-05-22,159.52,159.52,156.52,157.57,6260509,8
2024-05-23,157.92,158.6,156.33,156.94,6718378,8
2024-05-24,158.08,158.97,157.3,157.75,4477720,8
2024-05-28,158.12,159.42,157.95,159.04,6928298,8
2024-05-29,158.02,158.49,156.44,156.9,5909632,8
2024-05-30,156.85,158.455,156.81,158.26,6371243,8
2024-05-31,158.63,162.58,158.51,162.3,10334227,8
2024-06-03,161.49,161.68,156.46,157.46,9009935,8
2024-06-04,155.72,156.35,154.11,156.13,6360542,8
2024-06-05,156.16,157.02,154.53,154.98,7058506,8
2024-06-06,154.5,156.02,153.39,155.93,5215140,8
2024-06-07,155.71,157.69,155.13,156.08,5887651,8
2024-06-10,156.41,158.2,156.32,156.74,7075943,8
2024-06-11,156.17,156.75,154.48,156.49,5132009,8
2024-06-12,157.49,157.625,152.4,154.22,10017421,8
2024-06-13,153.77,154.09,152.23,152.84,6163015,8
2024-06-14,153.13,153.295,151.97,152.57,6159138,8
2024-06-17,152.5,153.93,151.93,153.19,6321386,8
2024-06-18,153.55,155.95,152.84,153.33,6942882,8
2024-06-20,153.71,157.41,153.25,156.64,8336031,8
2024-06-21,156.8,157.665,155.22,155.28,21292090,8
2024-06-24,156.27,159.54,156.19,159.31,7971620,8
2024-06-25,159.12,159.36,157.67,158.46,6056711,8
2024-06-26,158.46,158.46,155.79,155.95,8637756,8
2024-06-27,156.7,156.94,155.635,156.32,5568733,8
2024-06-28,157.52,158.58,156.17,156.42,11283390,8
2024-07-01,157.16,158.7,155.98,156.52,5584116,8
2024-07-02,157.68,157.72,155.45,156.75,7216801,8
2024-07-03,156.94,157.74,156.5641,156.71,3264196,8
2024-07-05,156.55,156.55,153.68,154.31,6183056,8
2024-07-08,153.32,155.28,153.32,154.33,4990726,8
2024-07-09,153.0,154.76,152.3481,152.98,5303129,8
2024-07-10,152.5,155.44,152.3,155.13,5416594,8
2024-07-11,155.0,156.68,154.22,155.26,8323125,8
2024-07-12,156.16,156.44,154.56,155.59,6446316,8
2024-07-15,156.95,159.52,156.3705,158.04,5661170,8
2024-07-16,157.01,158.31,156.15,157.77,6924187,8
2024-07-17,158.5,161.48,158.29,161.23,7296622,8
2024-07-18,161.23,164.28,160.24,161.97,6577674,8
2024-07-19,162.48,162.7,158.41,159.15,6427723,8
2024-07-22,158.22,158.98,156.855,156.99,5577286,8
2024-07-23,156.35,156.5969,153.84,154.09,6238721,8
2024-07-24,154.69,155.7,153.42,155.07,5971731,8
2024-07-25,155.37,158.26,154.62,157.54,5432141,8
2024-07-26,157.73,159.04,157.06,157.84,5232519,8
2024-07-29,158.25,158.25,154.86,156.6,5071988,8
2024-07-30,156.46,160.09,156.435,159.57,5740861,8
2024-07-31,161.69,161.69,160.05,160.47,6209200,8
2024-08-01,158.71,159.5,152.03,152.62,16689945,8
2024-08-02,151.13,152.04,147.02,148.55,13278618,8
2024-08-05,145.52,145.77,143.41,144.66,13037190,8
2024-08-06,144.49,145.09,143.12,143.23,9692659,8
2024-08-07,144.58,145.725,142.28,142.41,8867862,8
2024-08-08,143.075,144.82,142.71,144.49,7531112,8
2024-08-09,144.21,146.11,143.19,144.99,7653053,8
2024-08-12,145.84,146.7381,139.69,145.02,8442174,8
2024-08-13,144.08,144.55,143.05,144.15,7794816,8
2024-08-14,144.39,145.24,143.43,144.67,5874216,8
2024-08-15,145.59,147.52,145.48,146.8,6304232,8
2024-08-16,146.05,147.62,145.64,147.27,6874416,8
2024-08-19,146.01,147.73,145.89,146.83,5967406,8
2024-08-20,146.33,146.51,144.56,144.69,7497606,8
2024-08-21,145.43,146.64,144.55,145.32,5984993,8
2024-08-22,145.35,146.3343,145.13,145.73,4026998,8
2024-08-23,146.525,148.0937,146.3152,147.62,4824078,8
2024-08-26,148.97,150.09,147.55,148.5,5780289,8
2024-08-27,148.67,149.55,146.74,146.95,5099956,8
2024-08-28,146.44,147.14,145.48,146.0,5614416,8
2024-08-29,146.46,148.18,145.44,147.42,4466696,8
2024-08-30,146.22,148.08,145.7,147.95,6414755,8
2024-09-03,145.55,145.77,144.28,144.66,7944740,8
2024-09-04,144.64,145.5271,141.67,142.07,9820730,8
2024-09-05,143.17,143.17,140.6,140.93,9371051,8
2024-09-06,141.065,142.11,137.87,138.56,7836358,8
2024-09-09,138.635,142.02,138.54,140.3,9892347,8
2024-09-10,140.895,141.08,137.09,138.23,8202480,8
2024-09-11,138.21,138.4801,135.3672,137.88,9534010,8
2024-09-12,138.23,139.47,137.42,139.21,6593436,8
2024-09-13,139.87,141.53,139.7124,140.61,5900747,8
2024-09-16,141.69,143.165,141.065,142.09,6864275,8
2024-09-17,141.8,144.14,141.74,143.41,7338782,8
2024-09-18,143.32,145.6,143.19,143.96,6180252,8
2024-09-19,145.81,146.78,144.93,144.99,7247416,8
2024-09-20,145.23,145.91,143.44,145.68,23162864,8
2024-09-23,146.25,148.415,145.95,147.54,6960639,8
2024-09-24,148.88,149.1,146.91,147.45,6014208,8
2024-09-25,146.945,147.41,143.5,143.97,7888444,8
2024-09-26,140.9,143.22,140.63,141.99,8046171,8
2024-09-27,142.98,145.77,142.84,145.49,8049155,8
2024-09-30,145.37,147.48,144.28,147.27,7494608,8
2024-10-01,146.35,150.52,145.45,149.7,9489121,8
2024-10-02,151.68,152.28,149.26,150.95,8105420,8
2024-10-03,151.31,152.17,150.02,151.25,6553282,8
2024-10-04,152.48,152.5,150.135,150.74,7895285,8
2024-10-07,151.5,152.75,150.69,151.12,5895852,8
2024-10-08,149.2,149.6,147.73,148.75,5892739,8
2024-10-09,147.51,150.37,147.36,149.65,4973453,8
2024-10-10,150.68,151.55,149.85,150.62,4420891,8
2024-10-11,150.38,152.33,150.25,151.42,5051314,8
2024-10-14,150.52,151.9,150.18,151.78,4214721,8
2024-10-15,148.8,149.955,147.56,147.73,6704610,8
2024-10-16,148.35,149.0312,148.21,148.73,4303737,8
2024-10-17,149.26,151.33,148.97,151.2,6593136,8
2024-10-18,150.815,151.08,149.375,150.75,5208202,8
2024-10-21,152.0,152.48,150.49,150.88,5073999,8
2024-10-22,151.25,151.68,150.22,150.92,4416409,8
2024-10-23,150.36,151.0,149.2909,150.48,5248853,8
2024-10-24,151.13,151.45,149.38,150.45,5474258,8
2024-10-25,151.39,152.12,150.46,150.81,6839894,8
2024-10-28,148.25,150.7,148.16,150.54,8892039,8
2024-10-29,150.04,150.415,147.87,148.52,6014676,8
2024-10-30,149.08,149.65,147.66,148.05,5784011,8
2024-10-31,148.755,149.57,147.89,148.82,8400855,8
2024-11-01,152.48,155.9303,151.7,153.07,11727977,8
2024-11-04,154.42,154.42,152.6199,153.97,6129961,8
2024-11-05,154.53,154.67,152.55,153.41,5978897,8
2024-11-06,157.1,158.61,156.12,157.72,12118908,8
2024-11-07,157.94,158.01,156.4,156.77,8143245,8
2024-11-08,156.6,157.58,155.67,156.93,6041457,8
2024-11-11,157.18,157.94,155.9,156.5,7771691,8
2024-11-12,157.11,157.47,155.12,155.29,5681869,8
2024-11-13,155.63,159.02,154.53,158.72,8824013,8
2024-11-14,159.84,161.83,159.68,161.8,10111234,8
2024-11-15,161.52,162.38,160.76,161.42,9022753,8
2024-11-18,160.56,161.52,159.07,160.76,6092141,8
2024-11-19,159.98,160.4272,158.751,159.6,4657409,8
2024-11-20,159.91,161.44,159.78,161.33,6391252,8
2024-11-21,162.02,162.65,161.29,161.63,7945531,8
2024-11-22,161.51,162.61,161.15,162.36,7006293,8
2024-11-25,162.15,163.17,159.83,160.36,10702395,8
2024-11-26,162.31,162.94,161.4,162.53,7369944,8
2024-11-27,162.76,164.68,161.61,162.11,7674474,8
2024-11-29,162.25,162.7499,160.66,161.93,5076953,8
2024-12-02,162.29,162.95,160.11,162.21,6229596,8
2024-12-03,162.98,163.197,161.39,161.92,5900066,8
2024-12-04,161.83,161.84,157.86,158.32,7862728,8
2024-12-05,159.29,160.67,158.69,159.33,6358358,8
2024-12-06,158.75,158.83,155.17,155.24,9701694,8
2024-12-09,157.2,160.08,156.82,157.08,9404473,8
2024-12-10,159.06,159.52,156.7,157.0,9126158,8
2024-12-11,156.86,157.17,155.8,156.21,13764742,8
2024-12-12,155.87,156.525,154.2653,154.71,7621522,8
2024-12-13,154.87,154.961,153.07,153.87,5816180,8
2024-12-16,153.89,153.89,149.25,149.36,11961219,8
2024-12-17,148.04,148.65,146.91,148.11,11909333,8
2024-12-18,147.76,148.67,143.98,144.08,10174494,8
2024-12-19,144.57,144.76,140.95,141.15,16544329,8
2024-12-20,140.825,142.85,140.55,142.85,32209195,8
2024-12-23,142.48,143.345,141.54,142.97,8156466,8
2024-12-24,143.1,144.045,142.26,143.84,3556081,8
2024-12-26,143.67,144.31,142.9,143.98,4494424,8
2024-12-27,144.29,145.71,143.39,144.0,5296875,8
2024-12-30,143.79,143.98,142.35,143.07,6194835,8
2024-12-31,143.52,145.34,143.32,144.84,6137843,8
2025-01-02,145.475,148.07,145.475,146.71,7170257,8
2025-01-03,147.685,148.5,147.3,147.85,5813935,8
2025-01-06,148.4,150.33,146.87,147.26,5888731,8
2025-01-07,148.505,150.4999,147.63,149.59,7735997,8
2025-01-08,148.04,151.18,148.03,150.3,7640885,8
2025-01-10,153.41,154.34,150.87,153.14,11074716,8
2025-01-13,154.1,157.35,154.0,155.35,11774073,8
2025-01-14,155.205,156.91,154.46,156.9,6830219,8
2025-01-15,156.875,158.69,156.38,158.33,7899997,8
2025-01-16,158.13,159.895,158.03,159.38,5578902,8
2025-01-17,159.13,161.77,158.7978,161.47,9260428,8
2025-01-21,161.15,161.4,157.49,158.24,10131372,8
2025-01-22,157.68,158.44,156.27,156.41,7232227,8
2025-01-23,157.63,157.94,155.62,156.01,5979808,8
2025-01-24,156.46,157.47,155.2701,155.65,8003778,8
2025-01-27,156.33,157.8899,155.52,157.23,7140991,8
2025-01-28,157.71,158.92,155.1838,156.21,6425353,8
2025-01-29,155.715,156.58,154.81,155.69,5630563,8
2025-01-30,156.56,157.45,155.52,156.32,6931918,8
2025-01-31,153.76,154.37,148.65,149.19,16731592,8
2025-02-03,149.0,150.86,147.8,149.34,7604961,8
2025-02-04,148.885,153.385,148.72,153.22,8458070,8
2025-02-05,152.99,153.8,152.29,152.99,6533680,8
2025-02-06,154.22,155.255,151.06,151.9,6420525,8
2025-02-07,152.5,153.81,151.9243,152.62,4724947,8
2025-02-10,154.16,155.8,154.06,155.77,5653770,8
2025-02-11,156.35,158.71,156.12,157.44,6011842,8
2025-02-12,156.75,157.465,154.5716,154.9,6693461,8
2025-02-13,154.78,156.42,153.32,155.88,7836362,8
2025-02-14,155.08,157.45,154.88,155.34,5828805,8
2025-02-18,155.54,157.31,154.78,156.16,5981480,8
2025-02-19,156.52,158.36,156.0,157.23,4945813,8
2025-02-20,157.46,158.95,157.07,158.79,6256154,8
2025-02-21,158.11,158.95,156.82,156.92,6689815,8
2025-02-24,157.085,158.33,156.75,157.89,5925047,8
2025-02-25,157.99,158.99,155.46,156.42,6811293,8
2025-02-26,156.62,156.69,154.4,155.14,6005232,8
2025-02-27,155.605,158.29,154.81,156.67,7517237,8
2025-02-28,156.695,158.67,154.92,158.62,8828547,8
2025-03-03,159.46,160.09,151.76,153.09,9059814,8
2025-03-04,151.205,154.1525,150.05,152.0,8826344,8
2025-03-05,150.15,151.365,147.74,150.81,9288538,8
2025-03-06,150.51,153.33,149.47,152.95,7314687,8
2025-03-07,153.95,157.45,153.71,156.34,8562635,8
2025-03-10,157.19,160.37,156.17,157.57,11750302,8
2025-03-11,158.43,158.84,153.79,154.08,10466294,8
2025-03-12,153.48,154.79,152.215,152.67,9710223,8
2025-03-13,152.265,154.43,151.92,153.61,9022758,8
2025-03-14,153.99,157.24,153.01,157.02,6671549,8
2025-03-17,157.22,159.45,156.765,158.72,7615153,8
2025-03-18,159.5,161.09,158.825,160.81,9289469,8
2025-03-19,160.965,164.54,160.9,164.05,11503859,8
2025-03-20,163.13,165.31,162.41,164.77,9545886,8
2025-03-21,164.49,164.885,163.11,164.75,21625460,8
2025-03-24,164.69,166.43,164.315,165.02,8068002,8
2025-03-25,166.08,167.82,165.11,165.94,7869159,8
2025-03-26,167.37,168.96,167.25,167.97,10077764,8
2025-03-27,167.25,168.22,165.85,166.65,6862691,8
2025-03-28,166.7,167.13,165.295,166.09,4923025,8
2025-03-31,166.19,168.92,166.13,167.29,10675731,8
2025-04-01,167.29,168.6,166.16,168.51,6378587,8
2025-04-02,167.4,167.98,165.85,166.47,7044869,8
2025-04-03,160.12,161.35,155.8,156.12,15500988,8
2025-04-04,151.755,152.46,142.75,143.28,20374716,8
2025-04-07,138.73,146.19,137.29,140.15,17816954,8
2025-04-08,144.15,144.49,134.87,136.93,12904424,8
2025-04-09,135.02,147.47,133.88,146.03,16846839,8
2025-04-10,143.22,143.63,133.45,134.98,20991216,8
2025-04-11,135.01,137.122,132.04,135.63,17224405,8
2025-04-14,138.48,138.535,134.1,135.32,9628152,8
2025-04-15,134.32,136.63,134.25,134.54,9334825,8
2025-04-16,135.4,137.55,134.8,135.36,8637220,8
2025-04-17,136.69,140.24,136.45,137.87,8434434,8
2025-04-21,136.02,136.29,132.33,133.73,9967487,8
2025-04-22,135.26,138.235,134.94,137.3,7984676,8
2025-04-23,137.21,138.55,135.15,136.68,10001966,8
2025-04-24,137.92,139.4,137.216,139.07,7745778,8
2025-04-25,138.33,139.05,137.25,138.73,6878491,8
2025-04-28,138.97,140.46,138.68,140.1,6715539,8
2025-04-29,138.69,140.01,138.57,139.3,7343820,8
2025-04-30,138.0,138.15,134.14,136.06,13858040,8
2025-05-01,135.42,137.95,135.12,136.26,10199849,8
2025-05-02,137.875,139.78,135.29,138.5,12393235,8
2025-05-05,136.77,137.0,135.18,135.5,9664980,8
2025-05-06,136.35,137.31,135.04,135.6,9916241,8
2025-05-07,136.07,136.3,134.62,135.79,8423485,8
2025-05-08,136.685,138.89,136.47,137.04,8669305,8
2025-05-09,138.48,139.37,137.7,138.49,5965723,8
2025-05-12,142.45,143.71,140.57,141.62,8028200,8
2025-05-13,141.86,143.23,140.92,142.35,8536797,8
2025-05-14,141.76,142.23,140.725,141.67,6453620,8
2025-05-15,140.1,142.46,139.51,142.26,7545407,8
2025-05-16,143.0,143.0,140.696,142.1,8200079,8
2025-05-19,139.47,139.52,137.12,138.49,7713568,8
2025-05-20,138.285,138.75,137.03,137.27,6503930,8
2025-05-21,136.62,137.1293,135.49,135.56,9073206,8
2025-05-22,134.99,135.99,133.77,135.29,8877579,8
2025-05-23,134.65,136.79,134.06,136.54,7025946,8
2025-05-27,137.38,137.969,136.41,137.83,8348877,8
2025-05-28,138.78,138.79,135.66,136.02,6876282,8
2025-05-29,136.5,137.94,136.1,137.91,7556199,8
2025-05-30,136.88,137.45,135.21,136.7,12858865,8
2025-06-02,138.49,138.69,136.4304,137.84,9076639,8
2025-06-03,137.645,140.59,136.6,139.55,9001305,8
2025-06-04,139.42,140.63,137.33,137.37,8735619,8
2025-06-05,138.15,138.29,136.7,136.9,6350526,8
2025-06-06,138.09,140.61,138.09,140.21,6563518,8
2025-06-09,140.55,142.14,139.685,140.76,7159471,8
2025-06-10,142.22,144.94,141.91,143.35,9841523,8
2025-06-11,144.19,145.12,142.61,144.78,9256663,8
2025-06-12,144.5,145.2,143.43,144.97,6999389,8
2025-06-13,147.08,147.6,144.54,145.91,14148022,8
2025-06-16,145.73,146.8696,143.74,146.03,10105077,8
2025-06-17,147.33,149.98,146.5,148.85,11330273,8
2025-06-18,149.44,150.17,147.7,148.19,9841924,8
2025-06-20,148.41,149.9,147.9,149.55,23705877,8
2025-06-23,152.1222,152.15,146.315,146.86,10540614,8
2025-06-24,144.545,146.39,143.16,143.55,10778352,8
2025-06-25,143.4,144.2,142.5101,143.23,7386088,8
2025-06-26,143.7,145.08,143.4,144.44,7415714,8
2025-06-27,144.55,144.665,142.565,143.79,9213512,8
2025-06-30,143.045,144.098,142.4,143.19,6980319,8
2025-07-01,143.34,146.27,142.51,145.57,8508150,8
2025-07-02,147.0,148.01,145.47,147.98,8228683,8
2025-07-03,147.77,148.98,147.36,148.37,5173309,8
2025-07-07,147.4,148.17,145.58,147.4,9460902,8
2025-07-08,147.32,153.24,147.255,153.24,14082097,8
2025-07-09,152.94,153.96,152.48,153.02,9495898,8
2025-07-10,152.79,155.28,151.68,154.17,8398810,8
2025-07-11,154.285,155.89,153.57,155.31,8333214,8
2025-07-14,154.9,154.9,151.14,151.65,10706325,8
2025-07-15,151.6,152.31,150.25,150.69,7346346,8
2025-07-16,150.765,151.48,149.22,149.92,7923427,8
2025-07-17,149.16,151.835,148.6,151.38,8359596,8
2025-07-18,155.02,155.91,146.53,150.04,45782636,8
2025-07-21,151.2,151.67,149.13,149.68,17982218,8
2025-07-22,149.255,150.94,148.48,150.04,26196489,8
2025-07-23,150.905,153.14,150.465,153.12,13162816,8
2025-07-24,152.685,155.995,152.2,155.83,15701024,8
2025-07-25,155.83,156.2,153.955,154.84,7875498,8
2025-07-28,155.4,156.55,154.9484,156.28,8755412,8
2025-07-29,156.4,157.21,155.45,157.03,6446038,8
2025-07-30,156.29,156.31,152.7,153.56,9191661,8
2025-07-31,152.0,153.93,151.14,151.64,10237099,8
2025-08-01,152.545,154.65,150.355,151.4,10706494,8
2025-08-04,151.25,152.08,149.82,151.04,10116631,8
2025-08-05,150.78,153.1,149.895,153.04,8604079,8
2025-08-06,154.48,155.16,152.22,152.78,7840914,8
2025-08-07,153.795,155.15,152.83,153.16,6510670,8
2025-08-08,153.99,155.75,153.5,155.01,6332807,8
2025-08-11,155.425,155.93,152.985,153.45,6169716,8
2025-08-12,153.68,156.05,153.36,154.44,6645373,8
2025-08-13,154.55,156.01,154.2031,155.87,6582191,8
2025-08-14,155.7,155.7,154.1,155.16,7337258,8
2025-08-15,155.48,158.54,155.29,156.55,11617047,8
2025-08-18,156.13,156.49,154.75,155.32,8174280,8
2025-08-19,153.46,153.94,151.855,152.0,8567476,8
2025-08-20,152.39,153.49,151.93,153.22,8076269,8
2025-08-21,152.82,155.67,152.73,155.55,7533625,8
2025-08-22,155.32,158.79,155.32,158.18,9084344,8
2025-08-25,157.9,158.32,157.17,158.2,7029967,8
2025-08-26,157.51,160.0,156.55,157.36,10270028,8
2025-08-27,157.4,159.99,157.205,159.24,7482961,8
2025-08-28,159.01,159.5174,157.8482,159.32,6502447,8
2025-08-29,159.7,161.1,159.45,160.6,6934840,8
2025-09-02,160.48,161.86,159.38,161.83,8947302,8
2025-09-03,160.0,161.85,157.02,158.06,9556116,8
2025-09-04,158.06,159.65,157.5,157.69,7242974,8
2025-09-05,156.06,156.72,153.4899,153.66,11011667,8
2025-09-08,153.91,155.03,152.875,154.0,9461969,8
2025-09-09,154.85,156.985,154.6,154.85,7769177,8
2025-09-10,155.05,157.92,155.0,157.79,7440811,8
2025-09-11,156.5,158.92,156.01,158.25,6417408,8
2025-09-12,158.845,159.78,157.1,157.11,5546333,8
2025-09-15,157.375,158.32,156.5,157.31,5030461,8
2025-09-16,158.25,160.1,158.12,159.54,8011032,8
2025-09-17,159.195,160.67,158.61,160.09,5736777,8
2025-09-18,160.03,160.29,158.09,158.84,6244226,8
2025-09-19,158.995,158.995,155.55,156.21,16733988,8
2025-09-22,155.62,157.12,155.15,156.05,5244025,8
2025-09-23,157.12,159.83,156.985,157.42,7181383,8
2025-09-24,158.335,160.49,158.25,159.18,6285228,8
2025-09-25,159.44,161.01,159.35,160.72,6311040,8
2025-09-26,160.57,161.3,159.51,160.16,7015168,8
2025-09-29,159.125,159.125,155.5635,156.1,8315073,8
2025-09-30,154.89,155.73,153.93,155.29,7755716,8
2025-10-01,154.905,155.09,153.19,154.58,6768358,8
2025-10-02,153.955,156.6,153.3238,153.37,7562448,8
2025-10-03,153.58,154.28,152.23,153.55,7249291,8
2025-10-06,153.965,154.645,152.92,154.02,4778924,8
2025-10-07,153.65,154.96,151.28,154.91,5479593,8
2025-10-08,154.36,154.68,152.84,153.74,5678028,8
2025-10-09,154.15,154.97,151.56,151.64,6178601,8
2025-10-10,150.695,151.35,148.89,148.9,7796621,8
2025-10-13,150.0,151.98,149.43,151.94,5978755,8
2025-10-14,149.81,153.46,149.66,152.39,6419350,8
2025-10-15,152.9,154.2071,151.04,152.11,5824931,8
2025-10-16,152.14,152.73,150.23,151.71,5276788,8
2025-10-17,152.31,154.19,152.2,153.08,7735462,8
2025-10-20,153.43,154.72,153.18,154.48,5676505,8
2025-10-21,154.74,155.2884,153.21,153.79,6304917,8
2025-10-22,154.65,155.98,153.61,155.57,6036705,8
2025-10-23,158.2,158.5883,156.12,156.56,9810894,8
2025-10-24,157.415,157.629,155.427,155.56,4979941,8
2025-10-27,155.795,156.5,154.87,155.28,4884434,8
2025-10-28,154.9,156.23,153.89,154.13,5066475,8
2025-10-29,153.86,156.15,153.86,155.1,7344432,8
2025-10-30,155.225,155.225,153.24,153.52,8971226,8
2025-10-31,155.725,159.18,155.11,157.72,11136109,8
2025-11-03,157.41,157.72,153.57,154.04,8512209,8
2025-11-04,153.425,153.76,152.15,153.39,6976838,8
2025-11-05,153.53,154.395,152.66,152.66,5894721,8
2025-11-06,153.075,154.79,152.68,152.94,6466257,8
2025-11-07,153.425,156.17,153.425,155.02,9835929,8
2025-11-10,155.43,155.98,152.37,155.65,8436797,8
2025-11-11,156.75,157.99,155.9,156.24,6361426,8
2025-11-12,155.58,155.79,152.08,153.32,11670947,8
2025-11-13,154.0,156.2025,153.93,155.58,7998740,8
2025-11-14,156.23,157.95,154.81,157.62,8484812,8
2025-11-17,157.72,157.89,154.435,154.82,8744980,8
2025-11-18,152.5,154.28,151.76,153.62,10813365,8
2025-11-19,151.16,151.955,150.25,151.7,7539905,8
2025-11-20,152.54,153.035,150.045,150.31,7623448,8
2025-11-21,150.435,151.01,148.75,149.98,9248445,8
2025-11-24,149.82,150.12,147.74,149.75,14181131,8
2025-11-25,148.895,149.9,148.27,148.53,11447942,8
2025-11-26,148.26,150.46,148.2,149.51,7578938,8
2025-11-28,149.455,151.52,149.2622,151.13,3848568,8
2025-12-01,151.75,153.95,151.5,152.54,8208972,8
2025-12-02,152.02,152.46,149.26,150.25,9196311,8
2025-12-03,151.04,152.503,150.975,151.59,8060175,8
2025-12-04,151.75,152.94,151.2215,152.26,7254724,8
2025-12-05,152.0,152.63,149.83,150.0,12659762,8
2025-12-08,149.25,150.073,147.66,148.71,10237153,8
2025-12-09,149.105,150.1,148.22,148.49,8916749,8
2025-12-10,149.175,151.8,148.7,151.41,10976295,8
2025-12-11,150.83,151.94,150.1,150.72,8414160,8
2025-12-12,151.15,151.55,149.63,149.99,5848050,8
2025-12-15,149.84,150.1,148.43,149.8,7502951,8
2025-12-16,148.54,148.82,146.49,146.75,11290538,8
2025-12-17,147.4,149.87,147.35,149.52,8805268,8
2025-12-18,148.865,149.27,147.08,147.69,6998843,8
2025-12-19,147.96,149.01,147.185,147.75,21701435,8
2025-12-22,148.81,150.49,148.695,149.8,8143618,8
2025-12-23,150.04,151.08,149.85,150.51,4663665,8
2025-12-24,150.38,150.99,150.1,150.5,2227609,8
2025-12-26,150.38,151.14,149.6472,150.02,3706915,8
2025-12-29,151.0,151.6365,150.085,150.99,5589133,8
2025-12-30,151.52,152.6707,151.47,152.31,5150514,8
2025-12-31,152.39,152.55,151.67,152.41,4953110,8
2026-01-02,152.165,155.9,151.25,155.9,6862097,8
2026-01-05,165.75,165.75,159.3098,163.85,35094878,8
2026-01-06,164.88,165.05,156.11,156.54,20564935,8
2026-01-07,157.44,158.005,154.9,155.2,13537874,8
2026-01-08,155.5,160.44,155.21,159.25,12929635,8
2026-01-09,160.56,162.7,159.935,162.11,12549643,8
2026-01-12,162.7,163.56,160.71,162.34,9796786,8
2026-01-13,163.47,166.13,163.3,163.87,12068630,8
2026-01-14,164.1,169.37,164.1,167.24,16414917,8
2026-01-15,165.85,167.33,165.1,166.16,8097405,8
2026-01-16,165.9698,167.29,165.81,166.26,9745753,8
2026-01-20,166.705,167.65,165.15,165.3,11142530,8
2026-01-21,167.0,168.475,166.06,166.73,10918539,8
2026-01-22,166.26,167.56,165.73,166.66,8957383,8
2026-01-23,167.95,168.44,166.441,166.72,8368686,8
2026-01-26,168.325,168.41,166.77,167.5,8912601,8
2026-01-27,167.77,169.35,166.65,169.05,9784855,8
2026-01-28,169.955,170.42,168.195,169.93,9200244,8
2026-01-29,172.65,174.92,171.04,171.19,16786612,8
2026-01-30,172.615,177.3,171.27,176.9,22946582,8
2026-02-02,173.44,176.27,172.65,174.03,14235347,8
2026-02-03,173.88,178.82,173.7541,178.04,18425423,8
2026-02-04,178.88,182.59,178.88,181.23,16170478,8
2026-02-05,179.64,180.46,177.41,179.23,10474142,8
2026-02-06,179.935,182.1,179.512,180.86,9901816,8
2026-02-09,181.01,182.82,179.95,182.6,12021285,8
2026-02-10,182.73,182.95,180.86,182.26,7458163,8
2026-02-11,183.94,186.52,183.55,185.82,10502119,8
2026-02-12,185.8,185.8,182.0923,182.4,9673715,8
2026-02-13,182.54,184.84,181.72,183.74,9034683,8
2026-02-17,183.3,183.8,178.74,180.55,9849048,8
2026-02-18,182.83,183.92,181.98,183.87,10313434,8
2026-02-19,185.2,187.9,184.74,184.78,10773342,8
2026-02-20,184.59,184.89,182.32,183.93,9566208,8
2026-02-23,184.67,186.63,184.05,184.91,7047219,8
2026-02-24,185.285,185.96,183.85,185.34,7451800,8
2026-02-25,185.84,185.98,182.5101,184.22,9440721,8
2026-02-26,182.9,186.26,181.76,184.16,7121355,8
2026-02-27,186.0,187.545,183.77,186.76,12022518,8
