company_id,date,date,open_price,high_price,low_price,close_price,volume
12,2023-03-01,2023-03-01,100.337,101.843,100.337,100.992,6440826.9809521
12,2023-03-02,2023-03-02,100.967,101.673,100.469,101.332,5383413.9484046
12,2023-03-03,2023-03-03,101.678,101.693,100.497,101.209,6467527.8742049
12,2023-03-06,2023-03-06,101.947,105.338,101.748,105.205,18772770.336393
12,2023-03-07,2023-03-07,105.838,106.228,104.84,105.366,14578944.333541
12,2023-03-08,2023-03-08,105.044,105.375,101.88,102.534,8913845.6768789
12,2023-03-09,2023-03-09,103.501,104.068,101.426,101.889,6170248.6361793
12,2023-03-10,2023-03-10,101.738,104.845,101.645,101.975,10284241.24925
12,2023-03-13,2023-03-13,98.925,103.065,98.8609,100.12,11285998.907798
12,2023-03-14,2023-03-14,100.549,102.15,99.6622,101.998,10284982.934017
12,2023-03-15,2023-03-15,101.531,103.008,100.662,102.627,11476086.74702
12,2023-03-16,2023-03-16,101.55,102.699,99.3805,102.352,9902821.3218418
12,2023-03-17,2023-03-17,102.169,102.322,98.6746,99.2614,27689123.089099
12,2023-03-20,2023-03-20,99.9479,101.941,99.9479,100.928,13493048.014618
12,2023-03-21,2023-03-21,101.072,101.479,99.8904,100.633,12135862.397579
12,2023-03-22,2023-03-22,100.568,101.074,99.5382,99.5481,5983956.9112013
12,2023-03-23,2023-03-23,99.2614,99.7664,98.65,99.3854,7133235.6119496
12,2023-03-24,2023-03-24,99.2515,100.129,97.6779,99.9281,6986596.5439547
12,2023-03-27,2023-03-27,101.149,102.609,101.063,101.96,7931827.720431
12,2023-03-28,2023-03-28,101.654,102.055,100.534,100.624,7005286.2790536
12,2023-03-29,2023-03-29,100.712,100.948,99.6721,100.043,6617758.2242263
12,2023-03-30,2023-03-30,100.234,101.263,99.6821,100.998,5261971.6367941
12,2023-03-31,2023-03-31,101.292,101.577,100.615,101.444,7534474.9959214
12,2023-04-03,2023-04-03,101.026,104.39,100.662,103.81,7303634.0620592
12,2023-04-04,2023-04-04,103.648,104.257,103.128,103.771,6406041.2070651
12,2023-04-05,2023-04-05,104.801,107.118,104.487,106.707,8396327.5735777
12,2023-04-06,2023-04-06,107.748,108.858,106.451,107.108,7230544.7282107
12,2023-04-10,2023-04-10,107.705,107.835,106.005,107.376,6760719.3335773
12,2023-04-11,2023-04-11,107.481,108.042,107.101,107.26,5914812.9666936
12,2023-04-12,2023-04-12,107.032,108.996,106.674,108.464,6435900.1065657
12,2023-04-13,2023-04-13,109.626,110.437,108.368,110.208,7689717.991123
12,2023-04-14,2023-04-14,110.361,110.771,109.331,109.95,5249120.2808712
12,2023-04-17,2023-04-17,110.312,111.032,108.892,109.663,6896059.1924394
12,2023-04-18,2023-04-18,109.158,109.769,108.444,109.494,5720355.1925896
12,2023-04-19,2023-04-19,109.168,110.027,108.71,108.824,4911663.6424942
12,2023-04-20,2023-04-20,108.873,109.198,107.748,108.863,4884926.8652869
12,2023-04-21,2023-04-21,109.53,110.274,109.262,110.007,6874098.4128551
12,2023-04-24,2023-04-24,110.26,110.874,109.435,110.551,4508685.4346184
12,2023-04-25,2023-04-25,110.813,111.428,110.522,111.114,5938835.5845139
12,2023-04-26,2023-04-26,109.845,109.845,107.481,108.157,6929996.6722554
12,2023-04-27,2023-04-27,109.272,109.997,105.511,109.806,10461442.097843
12,2023-04-28,2023-04-28,109.045,110.16,108.185,110.103,8442854.2223589
12,2023-05-01,2023-05-01,110.417,111.18,109.912,110.933,5494283.9638634
12,2023-05-02,2023-05-02,111.247,112.887,110.427,112.411,8574166.8895493
12,2023-05-03,2023-05-03,112.85,114.088,112.449,112.725,7067102.6224651
12,2023-05-04,2023-05-04,112.514,112.514,111.076,111.915,6806559.052529
12,2023-05-05,2023-05-05,111.923,112.411,111.14,112.209,4755283.8046437
12,2023-05-08,2023-05-08,111.637,112.934,111.027,112.877,5408670.4834153
12,2023-05-09,2023-05-09,112.754,113.112,111.886,111.972,5173822.2840903
12,2023-05-10,2023-05-10,111.952,112.677,111.007,112.421,5878728.7000672
12,2023-05-11,2023-05-11,112.115,112.312,110.973,112.086,5869604.5939362
12,2023-05-12,2023-05-12,112.514,113.04,111.27,111.696,5488189.6902166
12,2023-05-15,2023-05-15,111.696,112.267,110.121,110.961,5974963.8985492
12,2023-05-16,2023-05-16,110.495,111.333,109.932,110.685,4486837.9197999
12,2023-05-17,2023-05-17,110.961,111.234,108.205,109.425,7561873.5330102
12,2023-05-18,2023-05-18,108.833,109.722,108.062,108.7,6750940.8087997
12,2023-05-19,2023-05-19,109.015,110.838,108.798,110.121,8019858.5646299
12,2023-05-22,2023-05-22,110.113,111.637,109.015,109.168,5880771.6608423
12,2023-05-23,2023-05-23,108.672,109.455,107.796,108.005,8109991.0994824
12,2023-05-24,2023-05-24,108.805,109.005,107.319,108.319,4729364.0019968
12,2023-05-25,2023-05-25,108.225,108.225,105.927,107.081,7380676.1264833
12,2023-05-26,2023-05-26,106.795,107.929,105.506,105.907,6689269.1925889
12,2023-05-30,2023-05-30,105.011,105.563,103.904,104.096,8146783.2708948
12,2023-05-31,2023-05-31,103.427,105.984,103.427,105.277,15273476.793874
12,2023-06-01,2023-06-01,105.516,106.402,104.773,105.774,7299350.9759167
12,2023-06-02,2023-06-02,105.947,107.49,105.573,107.289,6075178.0463026
12,2023-06-05,2023-06-05,107.748,109.158,107.662,107.853,5438244.1235059
12,2023-06-06,2023-06-06,108.272,108.434,104.2,104.897,7299512.4830827
12,2023-06-07,2023-06-07,104.533,104.576,101.902,103.561,13025923.145649
12,2023-06-08,2023-06-08,103.275,105.907,102.981,105.193,8761346.3537051
12,2023-06-09,2023-06-09,105.063,106.328,103.953,105.563,6839994.1821339
12,2023-06-12,2023-06-12,105.068,105.831,103.552,104.754,7832680.1492219
12,2023-06-13,2023-06-13,103.543,105.499,103.028,104.877,7660301.6632071
12,2023-06-14,2023-06-14,105.32,105.52,104.004,104.302,6393967.6324681
12,2023-06-15,2023-06-15,104.051,105.493,103.995,105.012,7610961.7096847
12,2023-06-16,2023-06-16,105.108,106.023,104.685,104.935,16506587.834162
12,2023-06-20,2023-06-20,104.704,106.412,104.652,105.809,8068156.3286181
12,2023-06-21,2023-06-21,105.693,107.047,105.126,106.7,7141208.344531
12,2023-06-22,2023-06-22,107.124,109.273,107.124,109.158,8214421.185676
12,2023-06-23,2023-06-23,109.581,110.301,108.487,110.003,17093504.769197
12,2023-06-26,2023-06-26,109.85,110.003,107.296,108.544,8006202.2781018
12,2023-06-27,2023-06-27,108.305,109.148,107.383,108.775,7390392.4133556
12,2023-06-28,2023-06-28,108.9,109.014,106.965,107.93,8515511.2662532
12,2023-06-29,2023-06-29,107.748,109.312,107.32,108.985,6544404.8477684
12,2023-06-30,2023-06-30,109.222,110.973,108.88,110.762,8428734.5491098
12,2023-07-03,2023-07-03,109.879,110.023,108.975,109.745,2953090.9852405
12,2023-07-05,2023-07-05,109.466,109.84,108.871,109.138,6106710.4040113
12,2023-07-06,2023-07-06,108.372,108.89,107.23,107.267,7561080.9324946
12,2023-07-07,2023-07-07,106.616,107.027,104.397,104.628,11789492.541997
12,2023-07-10,2023-07-10,104.762,106.164,104.724,105.549,6197779.2849397
12,2023-07-11,2023-07-11,105.089,105.607,103.907,104.34,6339214.4159522
12,2023-07-12,2023-07-12,104.022,104.676,102.885,103.159,8726754.482436
12,2023-07-13,2023-07-13,103.025,103.581,101.998,102.055,10172457.340363
12,2023-07-14,2023-07-14,101.998,103.362,101.998,103.035,7511223.0746257
12,2023-07-17,2023-07-17,102.747,103.13,101.066,101.336,7685135.9255401
12,2023-07-18,2023-07-18,101.633,102.732,101.12,101.7,7812471.5068765
12,2023-07-19,2023-07-19,101.896,103.073,101.662,101.7,6884752.6001679
12,2023-07-20,2023-07-20,102.276,104.58,101.806,104.111,8410393.8832278
12,2023-07-21,2023-07-21,104.369,106.177,104.031,105.963,8536370.9738906
12,2023-07-24,2023-07-24,105.578,105.914,104.148,104.426,6298149.2431185
12,2023-07-25,2023-07-25,103.322,104.359,103.015,103.217,6770262.2565665
12,2023-07-26,2023-07-26,102.516,103.674,101.806,102.843,7336997.6875134
12,2023-07-27,2023-07-27,102.938,103.303,100.951,101.048,10223338.233387
12,2023-07-28,2023-07-28,101.202,102.373,101.019,102.075,7192649.7191361
12,2023-07-31,2023-07-31,102.276,102.488,101.43,102.373,7710231.5404468
12,2023-08-01,2023-08-01,105.204,105.204,100.922,101.057,10430550.774404
12,2023-08-02,2023-08-02,101.777,103.803,100.673,101.46,11329837.221399
12,2023-08-03,2023-08-03,100.866,101.538,100.667,101.49,6291755.7942961
12,2023-08-04,2023-08-04,101.402,102.151,100.317,100.787,6981079.3817328
12,2023-08-07,2023-08-07,101.066,102.016,100.232,101.835,8604342.3880043
12,2023-08-08,2023-08-08,101.45,102.89,101.45,102.141,10576391.62402
12,2023-08-09,2023-08-09,102.006,102.506,101.547,101.845,6750325.5725004
12,2023-08-10,2023-08-10,101.95,102.747,101.192,101.336,6798438.4365975
12,2023-08-11,2023-08-11,101.7,103.385,101.355,103.13,6151252.0211534
12,2023-08-14,2023-08-14,103.59,105.041,103.005,104.541,8779412.6646384
12,2023-08-15,2023-08-15,104.522,105.031,104.071,104.302,5332635.3339939
12,2023-08-16,2023-08-16,104.148,105.079,103.937,104.369,5555797.6389785
12,2023-08-17,2023-08-17,104.297,105.857,103.977,104.55,6727811.5065886
12,2023-08-18,2023-08-18,104.6,105.108,103.869,104.82,6991878.5491587
12,2023-08-21,2023-08-21,104.714,105.588,104.575,105.243,6263936.9473181
12,2023-08-22,2023-08-22,105.204,105.204,102.9,102.929,6277881.2706825
12,2023-08-23,2023-08-23,105.578,107.402,105.414,106.835,11030830.715475
12,2023-08-24,2023-08-24,106.499,107.526,104.714,105.06,6758916.1507942
12,2023-08-25,2023-08-25,105.53,105.904,104.61,105.79,5041260.962023
12,2023-08-28,2023-08-28,105.809,106.173,104.292,104.56,4516948.1527963
12,2023-08-29,2023-08-29,104.897,106.088,104.56,105.578,5910392.8748545
12,2023-08-30,2023-08-30,105.875,106.351,105.32,105.79,4985025.2821417
12,2023-08-31,2023-08-31,105.703,106.107,104.522,104.61,9596997.9823448
12,2023-09-01,2023-09-01,105.251,105.944,104.868,105.434,5147828.5130069
12,2023-09-05,2023-09-05,105.069,105.32,103.179,103.198,6646518.7579316
12,2023-09-06,2023-09-06,102.478,102.707,100.713,102.219,8257341.7817381
12,2023-09-07,2023-09-07,102.622,104.33,102.573,103.61,8889192.0459496
12,2023-09-08,2023-09-08,103.227,104.762,103.227,104.676,7091980.7679946
12,2023-09-11,2023-09-11,104.939,105.051,103.995,104.245,5281182.4997282
12,2023-09-12,2023-09-12,104.071,105.089,103.237,104.647,4797871.3143082
12,2023-09-13,2023-09-13,104.61,105.27,103.352,103.486,7044301.2874253
12,2023-09-14,2023-09-14,104.075,104.868,103.366,104.608,7111101.5184073
12,2023-09-15,2023-09-15,104.491,105.268,103.66,103.91,9973785.0930287
12,2023-09-18,2023-09-18,104.153,104.317,103.263,104.2,4047403.4280909
12,2023-09-19,2023-09-19,104.035,104.548,103.321,103.755,6020413.0450167
12,2023-09-20,2023-09-20,104.578,104.761,103.65,103.708,4753735.0785138
12,2023-09-21,2023-09-21,103.67,104.258,102.848,103.147,6060020.562669
12,2023-09-22,2023-09-22,103.621,103.621,102.402,102.771,5202017.7189371
12,2023-09-25,2023-09-25,102.491,102.626,101.581,102.287,6262435.0723914
12,2023-09-26,2023-09-26,101.591,102.974,101.581,101.852,5588188.4292145
12,2023-09-27,2023-09-27,101.91,101.978,99.8279,100.452,5830757.8304552
12,2023-09-28,2023-09-28,101.059,101.441,100.297,100.798,4924172.1932436
12,2023-09-29,2023-09-29,100.858,101.166,99.2624,99.4946,7483937.6218614
12,2023-10-02,2023-10-02,99.3785,99.3785,97.9476,99.1073,7325765.1998202
12,2023-10-03,2023-10-03,98.8077,99.0018,97.5319,98.3533,6129769.8586069
12,2023-10-04,2023-10-04,98.1701,98.992,97.9291,98.7417,6953951.4127734
12,2023-10-05,2023-10-05,98.923,100.229,98.9053,100.123,6673073.0840537
12,2023-10-06,2023-10-06,100.248,100.923,99.4648,100.393,7093042.3197661
12,2023-10-09,2023-10-09,100.025,101.659,99.8418,100.993,5236938.9299003
12,2023-10-10,2023-10-10,100.818,100.953,99.697,100.132,7426480.9564086
12,2023-10-11,2023-10-11,100.508,100.713,99.4013,99.9876,5561940.3519825
12,2023-10-12,2023-10-12,100.045,100.46,99.4747,100.113,5302107.461936
12,2023-10-13,2023-10-13,100.132,101.012,99.3299,100.518,5988640.5271988
12,2023-10-16,2023-10-16,100.703,101.834,100.567,100.643,6698373.3456692
12,2023-10-17,2023-10-17,100.508,100.983,99.688,100.673,6029546.6350244
12,2023-10-18,2023-10-18,100.615,100.953,98.4836,98.5673,7384278.3278761
12,2023-10-19,2023-10-19,98.2427,98.3152,95.8121,97.0588,7913191.5186296
12,2023-10-20,2023-10-20,96.6337,99.8904,96.6337,99.2247,12900541.417221
12,2023-10-23,2023-10-23,99.3785,100.653,99.2247,99.8805,8787959.1097622
12,2023-10-24,2023-10-24,99.8468,100.567,99.2337,99.571,6568384.9866881
12,2023-10-25,2023-10-25,99.8805,101.098,99.4946,100.151,8121795.8023892
12,2023-10-26,2023-10-26,99.6394,103.626,99.5333,102.006,11729409.68021
12,2023-10-27,2023-10-27,101.785,102.026,98.788,99.3696,9244171.9454748
12,2023-10-30,2023-10-30,99.814,100.993,99.1654,99.2337,7155737.8394399
12,2023-10-31,2023-10-31,99.32,100.074,97.9958,99.2525,7784000.9389502
12,2023-11-01,2023-11-01,100.074,100.732,99.2803,99.3983,6040856.268964
12,2023-11-02,2023-11-02,99.2902,99.5997,98.2377,99.3983,5565960.2904871
12,2023-11-03,2023-11-03,99.9003,100.752,99.3299,99.9093,6214572.453223
12,2023-11-06,2023-11-06,100.587,100.868,99.6791,100.838,6157982.8941968
12,2023-11-07,2023-11-07,100.848,101.205,100.248,100.508,6846232.581848
12,2023-11-08,2023-11-08,100.49,101.64,100.355,100.895,8435381.0130117
12,2023-11-09,2023-11-09,101.196,101.196,98.722,98.9427,7633192.7131348
12,2023-11-10,2023-11-10,99.3884,99.8904,97.2232,97.987,7892282.6647396
12,2023-11-13,2023-11-13,97.6964,99.1073,97.2038,99.0304,6082381.1472468
12,2023-11-14,2023-11-14,99.2148,99.7545,98.4788,98.7417,7185632.3164893
12,2023-11-15,2023-11-15,98.4602,98.7417,97.339,97.9476,7649323.1690803
12,2023-11-16,2023-11-16,98.4121,98.6333,97.639,98.5673,8163753.199152
12,2023-11-17,2023-11-17,98.5771,98.9822,97.5709,98.3347,7002138.9381685
12,2023-11-20,2023-11-20,97.5805,99.4747,97.5036,99.2337,7708729.2718928
12,2023-11-21,2023-11-21,99.5432,100.151,98.4268,98.7781,7660762.1446707
12,2023-11-22,2023-11-22,98.7683,99.2337,97.7159,98.2672,5922947.3854277
12,2023-11-24,2023-11-24,98.8274,99.0728,98.0351,98.4512,3277985.1288424
12,2023-11-27,2023-11-27,98.4885,98.722,97.3198,98.0251,7612052.0790067
12,2023-11-28,2023-11-28,97.9096,97.9476,96.6529,96.8173,9041998.5285894
12,2023-11-29,2023-11-29,96.9139,97.7742,96.45,97.7354,10644071.812227
12,2023-11-30,2023-11-30,97.4551,99.2386,96.9139,99.0403,30317337.329621
12,2023-12-01,2023-12-01,99.3983,100.196,99.2148,99.9876,7101817.8920847
12,2023-12-04,2023-12-04,100.248,101.843,100.248,101.534,10523140.472996
12,2023-12-05,2023-12-05,101.397,102.829,100.683,102.664,11163825.544643
12,2023-12-06,2023-12-06,102.684,102.993,101.89,102.085,10300691.458943
12,2023-12-07,2023-12-07,102.041,102.055,100.243,100.393,9935725.5362523
12,2023-12-08,2023-12-08,100.306,100.518,99.2049,100.267,7791824.5567194
12,2023-12-11,2023-12-11,101.331,101.93,100.093,100.868,7687982.8711162
12,2023-12-12,2023-12-12,100.973,101.267,99.9489,100.858,8209103.4860966
12,2023-12-13,2023-12-13,100.663,103.515,100.48,103.515,11376869.868588
12,2023-12-14,2023-12-14,103.847,104.361,102.347,103.067,11015649.62792
12,2023-12-15,2023-12-15,102.103,103.446,101.491,102.317,27113692.594274
12,2023-12-18,2023-12-18,103.34,104.361,102.824,103.223,13155084.203812
12,2023-12-19,2023-12-19,103.233,103.822,102.638,103.661,8262675.6545954
12,2023-12-20,2023-12-20,104.294,104.294,102.444,102.56,8672012.5049634
12,2023-12-21,2023-12-21,102.975,103.777,102.541,103.563,6081059.3334053
12,2023-12-22,2023-12-22,104.304,105.189,103.998,104.839,6193246.0720856
12,2023-12-26,2023-12-26,104.643,105.218,104.371,104.77,4856808.6806913
12,2023-12-27,2023-12-27,104.46,105.199,104.167,105.111,5534068.0828858
12,2023-12-28,2023-12-28,105.422,106.163,105.256,105.879,5681546.5016993
12,2023-12-29,2023-12-29,106.095,106.337,105.899,106.124,6049982.6431885
12,2024-01-02,2024-01-02,106.259,110.309,106.259,110.232,12245502.118317
12,2024-01-03,2024-01-03,111.235,112.82,111.126,111.722,11014574.05043
12,2024-01-04,2024-01-04,112.84,114.524,112.781,113.901,11805886.785669
12,2024-01-05,2024-01-05,113.989,114.325,113.541,114.105,7048825.3328375
12,2024-01-08,2024-01-08,114.466,114.757,113.093,114.26,8416744.1685376
12,2024-01-09,2024-01-09,114.388,116.753,114.096,115.284,9063054.265051
12,2024-01-10,2024-01-10,115.05,116.004,114.612,115.703,7323667.7413729
12,2024-01-11,2024-01-11,115.643,115.741,113.969,115.284,5911487.9160198
12,2024-01-12,2024-01-12,114.933,115.517,114.524,115.478,7009539.531136
12,2024-01-16,2024-01-16,115.342,116.17,114.807,115.342,7018931.0587536
12,2024-01-17,2024-01-17,116.014,116.226,114.481,114.992,5744021.4253559
12,2024-01-18,2024-01-18,114.519,115.468,113.521,115.391,10811987.437838
12,2024-01-19,2024-01-19,115.069,115.857,114.596,115.732,7813185.965848
12,2024-01-22,2024-01-22,115.878,116.782,115.703,116.256,9025983.3105978
12,2024-01-23,2024-01-23,115.0,116.802,114.154,116.656,6678902.6960012
12,2024-01-24,2024-01-24,116.52,116.763,115.292,115.722,6019824.3543817
12,2024-01-25,2024-01-25,115.507,116.987,115.507,116.938,6872414.1877252
12,2024-01-26,2024-01-26,117.308,117.805,116.889,117.61,8526857.8266302
12,2024-01-29,2024-01-29,118.12,118.238,117.289,118.058,9387831.4115475
12,2024-01-30,2024-01-30,118.058,118.525,116.987,118.427,7673355.7556446
12,2024-01-31,2024-01-31,119.275,119.587,117.298,117.571,11073251.065794
12,2024-02-01,2024-02-01,120.365,123.071,119.508,123.021,11968733.532328
12,2024-02-02,2024-02-02,123.343,124.166,122.754,123.051,10453334.223225
12,2024-02-05,2024-02-05,123.607,124.404,122.361,122.828,8246830.6620363
12,2024-02-06,2024-02-06,123.241,124.131,122.72,123.508,6320937.7687985
12,2024-02-07,2024-02-07,123.528,124.657,123.139,124.084,6926801.2206648
12,2024-02-08,2024-02-08,123.937,124.093,122.599,123.246,6480449.9170489
12,2024-02-09,2024-02-09,122.865,123.323,121.718,122.116,8106784.7199581
12,2024-02-12,2024-02-12,121.678,122.145,121.094,122.009,5401038.5632129
12,2024-02-13,2024-02-13,122.633,123.487,121.172,122.098,7471959.7775429
12,2024-02-14,2024-02-14,122.272,122.682,121.503,122.477,6803195.0747435
12,2024-02-15,2024-02-15,122.623,123.85,122.604,123.177,5913875.348768
12,2024-02-16,2024-02-16,123.139,124.687,122.818,124.395,6437827.4623501
12,2024-02-20,2024-02-20,124.726,125.85,123.825,123.986,7142537.204675
12,2024-02-21,2024-02-21,124.054,124.755,123.432,124.716,4981682.5082009
12,2024-02-22,2024-02-22,124.745,126.272,124.258,125.825,6695270.5815331
12,2024-02-23,2024-02-23,126.342,126.779,125.437,126.01,5318692.679295
12,2024-02-26,2024-02-26,125.942,126.254,125.057,125.417,5299194.6269888
12,2024-02-27,2024-02-27,124.853,125.729,124.404,125.603,4910817.6692027
12,2024-02-28,2024-02-28,125.904,125.962,124.307,124.783,5852715.3622532
12,2024-02-29,2024-02-29,124.697,125.429,123.684,123.772,11553087.038268
12,2024-03-01,2024-03-01,123.498,124.453,123.061,123.588,6187938.0406701
12,2024-03-04,2024-03-04,121.154,123.177,120.014,120.754,13052977.28016
12,2024-03-05,2024-03-05,121.367,121.718,119.139,119.567,8503811.4986304
12,2024-03-06,2024-03-06,119.577,121.446,119.255,120.463,8476579.9722588
12,2024-03-07,2024-03-07,120.082,121.221,119.557,120.695,9227440.9263781
12,2024-03-08,2024-03-08,119.956,120.74,118.818,120.219,10090785.507329
12,2024-03-11,2024-03-11,121.338,121.338,118.603,119.508,7981309.9250828
12,2024-03-12,2024-03-12,119.733,119.936,118.204,119.401,11939007.734565
12,2024-03-13,2024-03-13,119.887,119.936,117.591,118.914,9436835.4205628
12,2024-03-14,2024-03-14,118.847,118.847,117.219,118.052,10343497.377976
12,2024-03-15,2024-03-15,117.395,119.453,116.798,119.041,47445048.437449
12,2024-03-18,2024-03-18,119.365,120.011,118.655,118.964,8484943.5776948
12,2024-03-19,2024-03-19,118.964,119.766,117.971,119.708,11940344.732245
12,2024-03-20,2024-03-20,118.807,121.382,117.925,121.324,9997313.0234041
12,2024-03-21,2024-03-21,121.167,121.657,120.55,121.099,8326114.288916
12,2024-03-22,2024-03-22,121.265,121.952,120.707,121.324,7168706.2028874
12,2024-03-25,2024-03-25,121.549,123.018,121.245,122.754,7764102.1741456
12,2024-03-26,2024-03-26,123.215,123.508,122.304,122.961,9048953.4360101
12,2024-03-27,2024-03-27,130.16,130.385,127.456,129.064,16395973.307359
12,2024-03-28,2024-03-28,129.308,129.72,128.406,129.258,10401792.29002
12,2024-04-01,2024-04-01,128.994,129.238,127.456,128.319,5489604.2846875
12,2024-04-02,2024-04-02,127.447,128.093,126.643,127.692,6721252.4816212
12,2024-04-03,2024-04-03,127.692,129.602,126.785,127.251,7902606.9488837
12,2024-04-04,2024-04-04,128.162,128.269,124.739,125.057,6893775.0416878
12,2024-04-05,2024-04-05,125.047,125.977,124.41,125.379,5811418.6179787
12,2024-04-08,2024-04-08,125.037,125.311,123.312,123.979,6413332.5210375
12,2024-04-09,2024-04-09,123.998,124.41,122.951,124.125,4794508.9669554
12,2024-04-10,2024-04-10,123.294,124.41,122.499,124.165,5908230.0664003
12,2024-04-11,2024-04-11,123.969,124.547,122.901,123.578,6316181.1397593
12,2024-04-12,2024-04-12,124.445,124.517,122.549,123.175,7523427.6700116
12,2024-04-15,2024-04-15,124.107,125.214,123.302,123.616,6371004.2450608
12,2024-04-16,2024-04-16,123.979,124.214,122.48,122.509,5703656.8399683
12,2024-04-17,2024-04-17,123.108,123.616,122.166,122.813,6250383.2052036
12,2024-04-18,2024-04-18,122.961,122.961,121.961,122.676,6117464.3541637
12,2024-04-19,2024-04-19,123.088,123.548,122.343,123.215,8578073.9513986
12,2024-04-22,2024-04-22,124.125,125.468,123.645,124.351,7968507.9861977
12,2024-04-23,2024-04-23,125.488,125.488,124.155,124.292,7905185.538661
12,2024-04-24,2024-04-24,124.229,124.988,122.794,124.41,7276706.8526349
12,2024-04-25,2024-04-25,127.045,130.092,126.133,128.054,13015500.295982
12,2024-04-26,2024-04-26,127.476,129.221,127.476,128.524,7919751.6105267
12,2024-04-29,2024-04-29,129.034,129.504,126.693,127.466,6971556.3750543
12,2024-04-30,2024-04-30,128.249,128.249,126.35,126.585,7089557.9923586
12,2024-05-01,2024-05-01,125.987,127.28,125.194,126.173,6018554.1010778
12,2024-05-02,2024-05-02,126.427,127.045,125.374,125.644,7577074.7913767
12,2024-05-03,2024-05-03,125.399,125.86,124.587,124.91,6351464.7411306
12,2024-05-06,2024-05-06,124.587,125.124,124.175,124.968,6688369.8474536
12,2024-05-07,2024-05-07,124.507,127.764,124.479,127.722,6821437.7381243
12,2024-05-08,2024-05-08,127.916,128.828,126.693,126.908,6797759.8323899
12,2024-05-09,2024-05-09,126.31,127.839,126.31,127.575,9408626.8979917
12,2024-05-10,2024-05-10,128.152,128.211,127.299,127.408,5841768.5992415
12,2024-05-13,2024-05-13,126.868,127.065,125.409,126.653,7257936.0257047
12,2024-05-14,2024-05-14,126.565,126.565,125.416,126.036,6282469.6002476
12,2024-05-15,2024-05-15,126.252,129.273,126.096,129.044,7387797.5226738
12,2024-05-16,2024-05-16,128.691,129.092,128.122,128.211,5633189.677526
12,2024-05-17,2024-05-17,128.025,128.641,127.162,128.514,8454012.7501995
12,2024-05-20,2024-05-20,128.142,129.054,127.986,128.319,4961600.767871
12,2024-05-21,2024-05-21,128.994,130.082,127.819,128.093,6384897.596949
12,2024-05-22,2024-05-22,127.515,128.916,127.495,128.426,4499408.4562624
12,2024-05-23,2024-05-23,128.231,129.229,127.652,128.416,6973203.9775486
12,2024-05-24,2024-05-24,128.769,128.769,126.526,126.85,6108426.019291
12,2024-05-28,2024-05-28,126.213,126.447,123.175,123.518,10477060.36605
12,2024-05-29,2024-05-29,123.568,123.871,122.72,123.332,8705381.3582556
12,2024-05-30,2024-05-30,123.411,125.242,120.197,121.99,13274200.428892
12,2024-05-31,2024-05-31,122.578,124.028,122.009,122.98,18528333.325873
12,2024-06-03,2024-06-03,123.205,126.32,123.205,125.801,7863041.0101744
12,2024-06-04,2024-06-04,124.557,126.722,124.292,126.086,6574247.3438286
12,2024-06-05,2024-06-05,125.86,127.29,125.458,126.81,5113796.7722582
12,2024-06-06,2024-06-06,126.526,128.259,126.27,127.859,8257041.5657595
12,2024-06-07,2024-06-07,127.692,128.691,127.555,128.005,5048563.3508248
12,2024-06-10,2024-06-10,127.966,128.994,127.005,128.808,6159428.1976184
12,2024-06-11,2024-06-11,128.329,129.475,127.094,129.151,11691643.525253
12,2024-06-12,2024-06-12,129.993,130.003,127.508,127.545,5943174.7557343
12,2024-06-13,2024-06-13,127.368,127.466,125.967,126.732,5108410.9291603
12,2024-06-14,2024-06-14,126.526,127.222,126.026,126.84,7491244.2971256
12,2024-06-17,2024-06-17,126.347,127.066,125.519,125.647,8649749.5027301
12,2024-06-18,2024-06-18,126.406,126.859,125.242,126.129,6628744.5049923
12,2024-06-20,2024-06-20,125.538,128.53,124.908,127.785,10500996.173209
12,2024-06-21,2024-06-21,128.278,129.293,127.214,128.82,17436126.801927
12,2024-06-24,2024-06-24,129.362,131.372,129.022,131.027,8680205.1559094
12,2024-06-25,2024-06-25,131.205,132.673,130.677,130.988,6858107.1422649
12,2024-06-26,2024-06-26,131.442,131.49,129.579,129.589,8617366.8417413
12,2024-06-27,2024-06-27,130.072,130.367,124.937,127.933,12103515.75669
12,2024-06-28,2024-06-28,127.657,129.067,119.114,122.0,57896952.681606
12,2024-07-01,2024-07-01,123.558,127.312,123.282,126.041,11703062.427096
12,2024-07-02,2024-07-02,126.347,126.376,124.819,125.863,5728620.7902087
12,2024-07-03,2024-07-03,125.834,126.081,123.479,124.021,4061079.1533254
12,2024-07-05,2024-07-05,124.691,124.76,123.095,124.613,6886808.2949161
12,2024-07-08,2024-07-08,124.957,125.603,123.508,123.952,5828144.2999166
12,2024-07-09,2024-07-09,123.42,124.262,121.902,124.208,6432761.0119467
12,2024-07-10,2024-07-10,124.04,125.627,124.001,125.45,4656423.091599
12,2024-07-11,2024-07-11,125.755,127.243,125.736,127.096,7156126.6628365
12,2024-07-12,2024-07-12,127.519,128.041,125.47,125.903,7125819.1629696
12,2024-07-15,2024-07-15,126.139,126.475,125.352,126.258,7020634.3701814
12,2024-07-16,2024-07-16,126.011,127.154,123.38,123.616,8315296.4442999
12,2024-07-17,2024-07-17,123.646,124.849,122.749,124.06,7740474.7840358
12,2024-07-18,2024-07-18,123.479,123.769,120.592,122.444,9641664.3420145
12,2024-07-19,2024-07-19,123.479,125.144,123.361,123.942,6949768.37893
12,2024-07-22,2024-07-22,124.119,124.651,123.213,123.864,4405819.7342269
12,2024-07-23,2024-07-23,123.173,123.794,122.375,122.572,4348630.5261545
12,2024-07-24,2024-07-24,123.153,124.336,122.863,124.09,6431933.991744
12,2024-07-25,2024-07-25,124.198,125.991,123.883,124.021,7465648.3600911
12,2024-07-26,2024-07-26,125.385,126.859,123.233,123.44,6562416.4699938
12,2024-07-29,2024-07-29,123.947,126.129,123.105,125.923,9274336.4694688
12,2024-07-30,2024-07-30,121.685,122.138,112.254,113.575,36033110.912431
12,2024-07-31,2024-07-31,114.314,116.127,110.589,111.486,23068273.402316
12,2024-08-01,2024-08-01,111.481,112.806,109.786,112.166,14325672.362678
12,2024-08-02,2024-08-02,113.487,115.595,112.698,113.525,16806560.463245
12,2024-08-05,2024-08-05,113.279,113.447,109.722,110.678,13530644.142796
12,2024-08-06,2024-08-06,110.619,111.436,109.308,109.534,9905829.8159608
12,2024-08-07,2024-08-07,110.057,110.909,109.111,110.855,9900345.0991569
12,2024-08-08,2024-08-08,111.279,112.57,110.934,112.264,8400248.1624624
12,2024-08-09,2024-08-09,112.126,113.053,111.23,112.885,6001549.6340565
12,2024-08-12,2024-08-12,113.043,113.043,111.466,111.831,6632442.2493093
12,2024-08-13,2024-08-13,111.919,113.196,111.2,112.728,9173676.4412002
12,2024-08-14,2024-08-14,112.008,112.274,109.889,111.929,11192084.696977
12,2024-08-15,2024-08-15,112.51,112.836,110.929,111.663,9827979.3093049
12,2024-08-16,2024-08-16,111.959,112.067,110.984,112.018,10251337.546891
12,2024-08-19,2024-08-19,112.008,112.934,111.663,112.757,6268609.1713376
12,2024-08-20,2024-08-20,113.092,113.624,112.885,113.467,5471809.200199
12,2024-08-21,2024-08-21,113.112,114.905,112.885,114.344,8264242.4069576
12,2024-08-22,2024-08-22,114.61,115.023,113.545,114.856,8322133.8211407
12,2024-08-23,2024-08-23,115.103,115.108,114.236,114.905,8491570.4730568
12,2024-08-26,2024-08-26,115.033,116.186,114.472,114.58,6614978.4239265
12,2024-08-27,2024-08-27,114.58,114.925,113.575,114.807,5583801.9421152
12,2024-08-28,2024-08-28,114.905,116.305,114.546,115.694,5482915.6248832
12,2024-08-29,2024-08-29,116.216,116.674,115.093,115.752,7308678.9108859
12,2024-08-30,2024-08-30,115.566,117.024,115.447,116.729,9007394.6430386
12,2024-09-03,2024-09-03,116.541,117.113,114.728,114.885,7752987.6504388
12,2024-09-04,2024-09-04,114.965,115.033,112.806,114.117,7806829.2025009
12,2024-09-05,2024-09-05,114.915,118.325,114.659,116.867,12186791.109976
12,2024-09-06,2024-09-06,117.365,118.551,115.94,116.127,8703779.7980532
12,2024-09-09,2024-09-09,111.505,115.201,110.776,113.733,15099656.723712
12,2024-09-10,2024-09-10,113.535,114.402,111.683,113.654,12922341.863434
12,2024-09-11,2024-09-11,113.269,114.206,112.61,113.043,7952208.1918849
12,2024-09-12,2024-09-12,112.806,113.826,112.382,113.575,8453955.7676941
12,2024-09-13,2024-09-13,114.402,115.073,113.329,114.176,6808579.2869897
12,2024-09-16,2024-09-16,114.88,117.43,114.88,117.023,7908907.0267647
12,2024-09-17,2024-09-17,118.025,118.194,116.795,117.351,7978506.7302961
12,2024-09-18,2024-09-18,117.261,118.432,116.934,117.698,11224701.334661
12,2024-09-19,2024-09-19,117.956,118.253,115.367,116.299,10042799.644714
12,2024-09-20,2024-09-20,116.339,116.567,115.486,116.24,21370680.344931
12,2024-09-23,2024-09-23,116.269,117.222,114.603,114.712,6718639.9054507
12,2024-09-24,2024-09-24,114.93,115.337,113.412,114.047,9919151.7348361
12,2024-09-25,2024-09-25,114.384,115.099,113.71,113.819,7965701.0380334
12,2024-09-26,2024-09-26,112.976,113.095,112.033,112.192,11221203.558201
12,2024-09-27,2024-09-27,112.271,113.432,112.103,112.787,12015529.440243
12,2024-09-30,2024-09-30,112.708,113.105,111.805,112.658,11037633.798335
12,2024-10-01,2024-10-01,113.055,113.878,112.212,113.829,7777286.8073691
12,2024-10-02,2024-10-02,113.64,113.69,111.091,111.19,9114130.9224643
12,2024-10-03,2024-10-03,110.932,111.19,108.953,109.305,10362846.190831
12,2024-10-04,2024-10-04,108.621,109.424,108.521,108.898,9799141.7140773
12,2024-10-07,2024-10-07,108.824,110.099,107.321,107.728,8724051.2307765
12,2024-10-08,2024-10-08,107.113,107.886,106.954,107.658,8903116.2174438
12,2024-10-09,2024-10-09,107.549,109.424,107.341,109.394,8696848.2067609
12,2024-10-10,2024-10-10,109.821,109.95,108.303,108.531,6054762.941292
12,2024-10-11,2024-10-11,108.234,109.042,107.043,108.859,8647110.2286975
12,2024-10-14,2024-10-14,108.561,109.191,107.817,108.819,8195800.2968644
12,2024-10-15,2024-10-15,109.087,110.694,109.017,110.644,9182417.1958147
12,2024-10-16,2024-10-16,110.119,110.317,108.154,109.543,8799123.3920608
12,2024-10-17,2024-10-17,109.26,109.315,108.63,108.878,8610051.9423038
12,2024-10-18,2024-10-18,109.027,109.047,107.693,107.837,9599266.4694783
12,2024-10-21,2024-10-21,108.214,108.303,105.337,105.496,11536468.129814
12,2024-10-22,2024-10-22,105.059,106.051,104.871,105.793,11668714.320156
12,2024-10-23,2024-10-23,105.892,106.51,105.357,105.535,8337871.5094416
12,2024-10-24,2024-10-24,105.208,105.773,104.424,105.039,8362339.8165878
12,2024-10-25,2024-10-25,105.644,105.644,103.035,103.154,9702547.6435123
12,2024-10-28,2024-10-28,103.769,104.166,103.105,103.402,7024728.6098828
12,2024-10-29,2024-10-29,103.487,104.275,102.876,102.906,9370655.0256488
12,2024-10-30,2024-10-30,102.638,104.166,102.083,103.998,14008435.45872
12,2024-10-31,2024-10-31,100.128,102.41,97.817,101.507,17552438.008549
12,2024-11-01,2024-11-01,100.972,101.904,100.406,101.071,10262474.118487
12,2024-11-04,2024-11-04,101.19,101.716,100.143,101.061,9256064.0383916
12,2024-11-05,2024-11-05,100.555,100.922,99.7218,100.843,6795366.2025193
12,2024-11-06,2024-11-06,102.361,102.41,99.8011,99.9301,9627790.9877127
12,2024-11-07,2024-11-07,100.634,100.882,100.049,100.367,8745554.9959717
12,2024-11-08,2024-11-08,100.674,102.41,100.198,102.103,9281743.9672396
12,2024-11-11,2024-11-11,102.252,102.579,99.6622,99.9301,10155906.848989
12,2024-11-12,2024-11-12,99.692,99.9698,97.7178,97.7972,12381208.361103
12,2024-11-13,2024-11-13,97.5392,98.6602,97.1226,97.7178,8940660.3621239
12,2024-11-14,2024-11-14,98.442,98.6106,97.1722,97.5789,8774160.1545856
12,2024-11-15,2024-11-15,96.9837,97.1424,93.7297,95.5452,16596302.16504
12,2024-11-18,2024-11-18,95.6642,96.5174,94.6623,95.7932,14253518.708065
12,2024-11-19,2024-11-19,95.9618,96.7753,94.5035,95.7734,13197875.660282
12,2024-11-20,2024-11-20,96.2099,98.0551,95.8924,96.6662,12233922.739987
12,2024-11-21,2024-11-21,96.944,99.6821,96.1801,99.067,15795738.749645
12,2024-11-22,2024-11-22,99.5333,100.977,98.1444,98.3924,14143502.046334
12,2024-11-25,2024-11-25,99.2902,100.932,98.7198,100.357,34936528.136864
12,2024-11-26,2024-11-26,100.674,100.992,98.9083,100.813,9398720.9017249
12,2024-11-27,2024-11-27,100.843,102.628,100.833,102.301,9880635.8735831
12,2024-11-29,2024-11-29,102.058,102.222,100.724,100.833,6129855.2626712
12,2024-12-02,2024-12-02,100.922,101.041,99.6622,99.811,13812825.082191
12,2024-12-03,2024-12-03,99.9499,101.636,99.821,101.041,11486804.744102
12,2024-12-04,2024-12-04,100.912,101.279,100.248,100.565,11405562.585782
12,2024-12-05,2024-12-05,100.684,103.313,100.545,102.728,11151215.772843
12,2024-12-06,2024-12-06,102.782,103.12,101.875,102.271,11562484.732246
12,2024-12-09,2024-12-09,102.043,104.234,101.517,102.966,19315857.635078
12,2024-12-10,2024-12-10,102.946,102.946,99.94,100.198,11450368.396635
12,2024-12-11,2024-12-11,99.9003,100.644,98.4718,98.9579,21785986.363332
12,2024-12-12,2024-12-12,100.882,102.182,99.3249,100.446,9630879.5142471
12,2024-12-13,2024-12-13,100.327,101.755,99.7317,101.19,10199219.804817
12,2024-12-16,2024-12-16,101.253,102.28,100.05,100.06,11701064.0
12,2024-12-17,2024-12-17,99.9,100.8,99.36,100.06,13975079.0
12,2024-12-18,2024-12-18,100.19,101.5,98.27,98.34,11993415.0
12,2024-12-19,2024-12-19,98.56,99.935,97.82,99.52,12110776.0
12,2024-12-20,2024-12-20,98.83,99.68,97.9,98.05,29289741.0
12,2024-12-23,2024-12-23,98.5799,99.59,98.2009,99.37,8460460.0
12,2024-12-24,2024-12-24,99.29,99.64,98.795,99.45,3713479.0
12,2024-12-26,2024-12-26,99.08,99.94,98.92,99.87,4760750.0
12,2024-12-27,2024-12-27,99.5,100.35,99.24,99.7,6173658.0
12,2024-12-30,2024-12-30,99.57,99.57,98.27,98.37,6848715.0
12,2024-12-31,2024-12-31,98.5,99.53,98.434,99.48,6598522.0
12,2025-01-02,2025-01-02,100.28,100.35,98.83,99.17,6153261.0
12,2025-01-03,2025-01-03,99.34,99.75,98.69,99.14,6072551.0
12,2025-01-06,2025-01-06,98.77,100.33,98.42,99.72,10111144.0
12,2025-01-07,2025-01-07,100.13,102.97,100.05,101.02,10890890.0
12,2025-01-08,2025-01-08,100.7,100.77,98.05,99.85,8654722.0
12,2025-01-10,2025-01-10,99.21,100.405,98.81,99.25,11328770.0
12,2025-01-13,2025-01-13,99.46,101.159,98.99,100.98,8168081.0
12,2025-01-14,2025-01-14,101.26,101.49,99.01,99.65,10927440.0
12,2025-01-15,2025-01-15,100.095,100.82,99.61,100.09,9170335.0
12,2025-01-16,2025-01-16,100.18,100.895,99.95,100.7,7749642.0
12,2025-01-17,2025-01-17,100.43,100.47,97.92,97.92,16181960.0
12,2025-01-21,2025-01-21,98.08,98.27,95.76,96.24,17756056.0
12,2025-01-22,2025-01-22,95.955,97.0,95.15,95.68,13070881.0
12,2025-01-23,2025-01-23,96.11,97.155,95.22,96.63,11522811.0
12,2025-01-24,2025-01-24,96.79,97.1,95.405,95.55,12244790.0
12,2025-01-27,2025-01-27,96.63,98.62,95.98,97.94,15093381.0
12,2025-01-28,2025-01-28,97.35,98.88,96.59,97.45,12840948.0
12,2025-01-29,2025-01-29,97.45,99.15,97.39,98.28,10225477.0
12,2025-01-30,2025-01-30,99.41,99.41,98.23,98.95,10164720.0
12,2025-01-31,2025-01-31,99.1,100.0599,98.58,98.82,11421621.0
12,2025-02-03,2025-02-03,98.13,100.15,98.0,99.79,13363888.0
12,2025-02-04,2025-02-04,89.0,91.23,87.33,90.74,50837558.0
12,2025-02-05,2025-02-05,90.39,90.74,87.995,89.67,21670599.0
12,2025-02-06,2025-02-06,89.41,89.5713,87.84,88.05,19509701.0
12,2025-02-07,2025-02-07,87.52,88.6,87.12,87.28,15814967.0
12,2025-02-10,2025-02-10,87.2,87.98,86.27,86.4,21212053.0
12,2025-02-11,2025-02-11,86.06,86.99,85.73,86.54,20922343.0
12,2025-02-12,2025-02-12,86.07,86.67,85.61,85.67,14785256.0
12,2025-02-13,2025-02-13,85.585,85.7,84.31,84.42,20415058.0
12,2025-02-14,2025-02-14,84.415,84.78,82.0939,83.01,26778993.0
12,2025-02-18,2025-02-18,81.13,83.59,81.04,83.29,25897772.0
12,2025-02-19,2025-02-19,83.24,85.63,82.85,85.6,17435060.0
12,2025-02-20,2025-02-20,85.9,87.7,85.9,87.68,14851549.0
12,2025-02-21,2025-02-21,88.0,89.53,87.01,89.5,15678892.0
12,2025-02-24,2025-02-24,89.71,91.85,88.93,91.27,19452296.0
12,2025-02-25,2025-02-25,91.75,93.055,90.44,91.43,18417272.0
12,2025-02-26,2025-02-26,91.3,91.37,88.86,89.38,13534225.0
12,2025-02-27,2025-02-27,89.41,90.97,89.25,90.58,10717472.0
12,2025-02-28,2025-02-28,90.705,92.35,90.705,92.25,15482079.0
12,2025-03-03,2025-03-03,91.775,93.21,91.775,93.15,13636057.0
12,2025-03-04,2025-03-04,93.57,95.36,92.32,92.56,15072992.0
12,2025-03-05,2025-03-05,91.0,93.45,90.5,93.19,13117129.0
12,2025-03-06,2025-03-06,93.13,94.05,91.78,94.0,11300177.0
12,2025-03-07,2025-03-07,94.06,97.37,93.85,94.65,24100865.0
12,2025-03-10,2025-03-10,94.685,97.0,94.685,95.23,20897609.0
12,2025-03-11,2025-03-11,94.98,95.38,93.58,94.73,21734793.0
12,2025-03-12,2025-03-12,94.07,94.4,92.8575,93.35,11896007.0
12,2025-03-13,2025-03-13,93.4,96.34,93.4,94.71,16570142.0
12,2025-03-14,2025-03-14,94.28,94.875,93.45,94.57,12681125.0
12,2025-03-17,2025-03-17,93.645,95.2956,93.08,94.79,12237906.0
12,2025-03-18,2025-03-18,95.225,95.41,93.84,94.72,8670307.0
12,2025-03-19,2025-03-19,95.25,95.43,93.64,94.02,11355880.0
12,2025-03-20,2025-03-20,93.995,95.16,93.68,94.73,12970165.0
12,2025-03-21,2025-03-21,94.58,94.68,93.07,93.11,68435789.0
12,2025-03-24,2025-03-24,92.9,93.11,91.56,92.31,16950115.0
12,2025-03-25,2025-03-25,92.25,92.31,87.08,87.87,20640186.0
12,2025-03-26,2025-03-26,88.24,89.32,87.31,88.11,13810072.0
12,2025-03-27,2025-03-27,88.5,88.555,87.38,87.6,12931936.0
12,2025-03-28,2025-03-28,88.2,90.14,87.6701,89.23,12393480.0
12,2025-03-31,2025-03-31,89.25,90.265,88.37,89.76,15002990.0
12,2025-04-01,2025-04-01,89.75,89.75,86.61,87.12,13922105.0
12,2025-04-02,2025-04-02,86.88,87.07,85.32,86.6,10590843.0
12,2025-04-03,2025-04-03,88.73,88.9,86.26,86.39,12684130.0
12,2025-04-04,2025-04-04,86.12,86.27,81.08,81.47,22965747.0
12,2025-04-07,2025-04-07,81.01,83.21,79.3,81.18,26581980.0
12,2025-04-08,2025-04-08,83.21,83.27,77.54,78.95,20571573.0
12,2025-04-09,2025-04-09,76.76,81.99,76.0,81.91,22928259.0
12,2025-04-10,2025-04-10,80.875,81.12,75.96,77.55,19466863.0
12,2025-04-11,2025-04-11,77.85,79.44,76.35,79.18,16194426.0
12,2025-04-14,2025-04-14,80.02,80.02,78.36,79.17,15796686.0
12,2025-04-15,2025-04-15,79.55,79.96,77.72,78.39,16042488.0
12,2025-04-16,2025-04-16,78.47,78.69,75.93,76.46,16551293.0
12,2025-04-17,2025-04-17,76.89,78.75,76.88,78.0,21416485.0
12,2025-04-21,2025-04-21,78.08,78.19,76.99,77.85,11009959.0
12,2025-04-22,2025-04-22,78.025,79.04,77.66,78.97,12918169.0
12,2025-04-23,2025-04-23,78.5,80.2,78.0,78.74,17935744.0
12,2025-04-24,2025-04-24,78.28,79.97,76.03,79.84,18471542.0
12,2025-04-25,2025-04-25,79.83,83.28,78.06,82.74,28377956.0
12,2025-04-28,2025-04-28,82.915,83.68,82.4,83.19,14240982.0
12,2025-04-29,2025-04-29,83.78,85.69,82.75,84.71,18802899.0
12,2025-04-30,2025-04-30,85.27,85.83,83.79,85.2,13825117.0
12,2025-05-01,2025-05-01,84.505,84.575,83.17,83.26,10036427.0
12,2025-05-02,2025-05-02,84.19,84.71,82.95,83.18,11755592.0
12,2025-05-05,2025-05-05,83.23,83.58,81.91,82.84,8688011.0
12,2025-05-06,2025-05-06,82.47,82.48,78.2901,79.04,16991068.0
12,2025-05-07,2025-05-07,79.62,79.9,78.76,79.12,12227179.0
12,2025-05-08,2025-05-08,78.5,78.8,76.93,77.65,15059051.0
12,2025-05-09,2025-05-09,77.97,78.45,75.82,75.97,15614536.0
12,2025-05-12,2025-05-12,75.92,81.27,75.83,80.43,21761068.0
12,2025-05-13,2025-05-13,76.95,78.55,76.56,76.63,23353178.0
12,2025-05-14,2025-05-14,77.46,77.46,73.32,73.47,23721801.0
12,2025-05-15,2025-05-15,73.77,74.81,73.31,74.8,15274781.0
12,2025-05-16,2025-05-16,74.985,76.165,74.3675,76.06,15021784.0
12,2025-05-19,2025-05-19,76.065,77.25,75.69,77.23,11682618.0
12,2025-05-20,2025-05-20,77.545,79.18,77.4216,77.97,13262433.0
12,2025-05-21,2025-05-21,77.765,78.1,76.87,76.98,11879467.0
12,2025-05-22,2025-05-22,77.01,78.36,76.68,77.84,11799978.0
12,2025-05-23,2025-05-23,77.545,77.9,77.08,77.58,10902223.0
12,2025-05-27,2025-05-27,78.015,78.2,77.05,77.59,11884517.0
12,2025-05-28,2025-05-28,77.43,77.725,75.59,76.17,12293150.0
12,2025-05-29,2025-05-29,75.82,77.0,75.69,76.4,10787284.0
12,2025-05-30,2025-05-30,76.68,77.56,75.59,76.84,20641472.0
12,2025-06-02,2025-06-02,77.02,77.02,75.4,76.25,11271832.0
12,2025-06-03,2025-06-03,75.995,77.185,75.435,77.14,18139184.0
12,2025-06-04,2025-06-04,77.474,79.135,77.33,78.27,13009326.0
12,2025-06-05,2025-06-05,78.35,78.545,77.25,77.62,13996570.0
12,2025-06-06,2025-06-06,78.3,79.49,78.21,78.97,9863134.0
12,2025-06-09,2025-06-09,79.61,80.405,78.67,79.33,18305764.0
12,2025-06-10,2025-06-10,79.34,81.88,79.33,81.35,13254093.0
12,2025-06-11,2025-06-11,81.35,81.68,79.98,80.32,11803341.0
12,2025-06-12,2025-06-12,80.19,82.11,80.07,81.82,13169179.0
12,2025-06-13,2025-06-13,81.65,82.44,81.45,81.71,14550530.0
12,2025-06-16,2025-06-16,80.88,81.35,79.71,80.96,12569440.0
12,2025-06-17,2025-06-17,80.28,80.7,78.185,78.28,14040588.0
12,2025-06-18,2025-06-18,78.05,80.31,77.1,79.29,23803430.0
12,2025-06-20,2025-06-20,79.245,79.915,78.6,79.06,34052298.0
12,2025-06-23,2025-06-23,79.24,80.22,78.99,80.16,18553809.0
12,2025-06-24,2025-06-24,80.37,81.46,79.09,80.32,15906441.0
12,2025-06-25,2025-06-25,79.7,80.1158,79.16,79.67,12753181.0
12,2025-06-26,2025-06-26,79.805,80.25,78.37,78.83,13760098.0
12,2025-06-27,2025-06-27,79.06,79.54,78.135,79.1,60202470.0
12,2025-06-30,2025-06-30,79.25,79.39,78.38,79.16,13895183.0
12,2025-07-01,2025-07-01,78.96,83.07,78.6,81.81,21800790.0
12,2025-07-02,2025-07-02,82.06,82.81,81.8935,82.39,16052701.0
12,2025-07-03,2025-07-03,82.55,82.6048,80.7,80.93,7734538.0
12,2025-07-07,2025-07-07,80.95,81.54,80.15,80.9,15777353.0
12,2025-07-08,2025-07-08,80.95,82.38,80.34,81.37,12752907.0
12,2025-07-09,2025-07-09,82.38,84.48,81.89,83.71,18394620.0
12,2025-07-10,2025-07-10,83.64,85.0,83.17,84.02,14728600.0
12,2025-07-11,2025-07-11,84.13,84.13,82.26,83.36,9717398.0
12,2025-07-14,2025-07-14,83.425,84.3,83.11,83.67,10368747.0
12,2025-07-15,2025-07-15,83.78,84.36,81.301,81.52,10826957.0
12,2025-07-16,2025-07-16,81.455,82.635,81.455,82.43,11517792.0
12,2025-07-17,2025-07-17,81.98,82.66,81.3355,81.52,8984797.0
12,2025-07-18,2025-07-18,81.555,81.9206,79.855,79.96,11823603.0
12,2025-07-21,2025-07-21,80.155,80.31,78.95,79.31,11620844.0
12,2025-07-22,2025-07-22,79.87,81.765,79.87,81.61,10570988.0
12,2025-07-23,2025-07-23,82.62,84.14,82.41,83.98,11542091.0
12,2025-07-24,2025-07-24,84.2,84.51,83.52,84.11,8016947.0
12,2025-07-25,2025-07-25,84.16,85.22,83.84,84.71,10058807.0
12,2025-07-28,2025-07-28,84.47,84.97,83.87,84.06,12881971.0
12,2025-07-29,2025-07-29,79.85,82.885,76.66,82.63,27826419.0
12,2025-07-30,2025-07-30,82.91,83.58,81.515,81.75,13055190.0
12,2025-07-31,2025-07-31,80.8,81.485,77.85,78.12,19813303.0
12,2025-08-01,2025-08-01,78.02,79.87,77.53,79.29,11900297.0
12,2025-08-04,2025-08-04,79.27,79.99,78.43,79.86,13380721.0
12,2025-08-05,2025-08-05,79.9,81.125,79.565,80.79,9984272.0
12,2025-08-06,2025-08-06,80.585,81.32,79.27,79.44,13028688.0
12,2025-08-07,2025-08-07,79.8,80.8199,78.65,80.37,10830075.0
12,2025-08-08,2025-08-08,80.115,81.17,80.115,80.69,6882894.0
12,2025-08-11,2025-08-11,80.96,81.6434,79.63,80.03,8210702.0
12,2025-08-12,2025-08-12,80.465,80.94,79.67,80.3,7857120.0
12,2025-08-13,2025-08-13,80.75,82.84,80.2,82.71,11043794.0
12,2025-08-14,2025-08-14,82.01,83.4,81.6035,82.76,10217602.0
12,2025-08-15,2025-08-15,83.72,84.7372,83.36,84.21,10481384.0
12,2025-08-18,2025-08-18,84.26,85.145,84.08,84.22,8273573.0
12,2025-08-19,2025-08-19,84.375,85.8,84.375,84.93,14307713.0
12,2025-08-20,2025-08-20,85.29,86.25,84.55,84.66,8904738.0
12,2025-08-21,2025-08-21,84.865,87.32,84.6,86.08,13889005.0
12,2025-08-22,2025-08-22,87.5,87.835,86.76,87.37,11977434.0
12,2025-08-25,2025-08-25,87.21,87.39,84.95,85.31,9417659.0
12,2025-08-26,2025-08-26,85.56,85.59,84.665,84.99,14062690.0
12,2025-08-27,2025-08-27,85.0,85.48,83.875,84.07,10588086.0
12,2025-08-28,2025-08-28,84.25,84.25,82.65,83.21,14485303.0
12,2025-08-29,2025-08-29,83.42,84.2399,83.28,84.12,10872919.0
12,2025-09-02,2025-09-02,84.5,85.5,84.34,85.48,11642713.0
12,2025-09-03,2025-09-03,85.37,85.805,84.0716,84.18,12714392.0
12,2025-09-04,2025-09-04,84.2,84.41,83.0,84.05,12554844.0
12,2025-09-05,2025-09-05,83.44,85.27,83.25,84.71,13231140.0
12,2025-09-08,2025-09-08,84.16,84.32,82.82,84.09,13111165.0
12,2025-09-09,2025-09-09,84.195,84.8,84.13,84.61,9767468.0
12,2025-09-10,2025-09-10,84.33,84.57,83.535,84.03,13073268.0
12,2025-09-11,2025-09-11,84.34,85.55,84.0,85.15,9667174.0
12,2025-09-12,2025-09-12,84.62,85.18,82.8,82.81,9939451.0
12,2025-09-15,2025-09-15,82.11,82.75,80.92,81.02,10229754.0
12,2025-09-16,2025-09-16,81.01,81.48,80.535,81.09,10065901.0
12,2025-09-17,2025-09-17,80.98,82.245,80.8004,81.14,12642100.0
12,2025-09-18,2025-09-18,81.22,81.685,80.82,81.53,10458876.0
12,2025-09-19,2025-09-19,81.805,82.4,81.0,81.51,25627814.0
12,2025-09-22,2025-09-22,81.705,81.94,80.26,80.4,11986448.0
12,2025-09-23,2025-09-23,80.405,81.1091,79.665,79.96,13145294.0
12,2025-09-24,2025-09-24,79.9,80.115,79.33,79.67,11804176.0
12,2025-09-25,2025-09-25,79.605,79.88,77.58,77.6,14923785.0
12,2025-09-26,2025-09-26,78.74,78.96,77.6944,78.56,12205423.0
12,2025-09-29,2025-09-29,78.6,78.8,78.03,78.58,12739025.0
12,2025-09-30,2025-09-30,78.415,84.0,78.395,83.93,21636633.0
12,2025-10-01,2025-10-01,85.19,90.75,85.19,90.13,33460875.0
12,2025-10-02,2025-10-02,89.95,91.0,88.22,89.51,14575377.0
12,2025-10-03,2025-10-03,89.625,90.7,88.1,89.19,12970576.0
12,2025-10-06,2025-10-06,88.95,90.31,88.55,88.8,11648298.0
12,2025-10-07,2025-10-07,88.72,88.94,87.14,87.61,9449085.0
12,2025-10-08,2025-10-08,87.93,87.93,86.2,86.4,9696200.0
12,2025-10-09,2025-10-09,86.96,87.8,86.64,87.5,10938196.0
12,2025-10-10,2025-10-10,87.935,88.24,85.92,85.99,11230694.0
12,2025-10-13,2025-10-13,85.655,86.46,85.24,85.7,6553942.0
12,2025-10-14,2025-10-14,85.38,85.68,84.15,84.7,9675036.0
12,2025-10-15,2025-10-15,84.19,84.69,83.61,84.11,9168705.0
12,2025-10-16,2025-10-16,84.41,85.5,83.6,83.92,11709057.0
12,2025-10-17,2025-10-17,83.275,84.89,83.1632,84.79,10758923.0
12,2025-10-20,2025-10-20,85.245,87.0,85.03,86.32,8611782.0
12,2025-10-21,2025-10-21,86.96,87.67,86.23,87.62,9852403.0
12,2025-10-22,2025-10-22,87.69,88.7898,87.0139,87.61,10926343.0
12,2025-10-23,2025-10-23,87.56,88.105,86.91,87.18,7687450.0
12,2025-10-24,2025-10-24,87.33,88.06,87.1083,87.49,7902072.0
12,2025-10-27,2025-10-27,87.51,88.295,87.0301,88.0,7226555.0
12,2025-10-28,2025-10-28,88.105,88.105,86.93,87.03,8345943.0
12,2025-10-29,2025-10-29,86.945,87.84,86.0715,86.58,10921908.0
12,2025-10-30,2025-10-30,84.62,87.3,83.3,86.28,16678844.0
12,2025-10-31,2025-10-31,85.415,86.46,84.56,85.98,12384986.0
12,2025-11-03,2025-11-03,85.765,86.1,82.34,82.49,13875806.0
12,2025-11-04,2025-11-04,82.7,84.96,82.01,83.86,12846087.0
12,2025-11-05,2025-11-05,84.03,85.38,82.9117,84.39,9440157.0
12,2025-11-06,2025-11-06,84.48,86.17,84.35,85.78,10601445.0
12,2025-11-07,2025-11-07,85.81,86.585,85.24,86.28,9214301.0
12,2025-11-10,2025-11-10,86.69,87.37,85.8,86.75,8319573.0
12,2025-11-11,2025-11-11,87.35,91.065,87.26,90.95,15436039.0
12,2025-11-12,2025-11-12,91.41,92.91,91.16,91.45,13218933.0
12,2025-11-13,2025-11-13,91.31,94.26,90.9,92.93,16086082.0
12,2025-11-14,2025-11-14,92.2,95.075,91.4901,92.92,19632021.0
12,2025-11-17,2025-11-17,93.23,94.75,92.675,92.86,14345822.0
12,2025-11-18,2025-11-18,94.11,97.66,92.11,96.43,28153549.0
12,2025-11-19,2025-11-19,95.82,97.14,94.09,95.05,14641308.0
12,2025-11-20,2025-11-20,94.91,96.0,93.9,94.97,12554217.0
12,2025-11-21,2025-11-21,95.48,100.27,95.36,97.76,23183284.0
12,2025-11-24,2025-11-24,99.36,102.355,99.12,100.4,28320935.0
12,2025-11-25,2025-11-25,101.0,105.84,100.705,105.66,22225531.0
12,2025-11-26,2025-11-26,104.595,105.752,104.2,104.63,12624017.0
12,2025-11-28,2025-11-28,104.835,105.405,104.12,104.83,6154508.0
12,2025-12-01,2025-12-01,104.72,105.68,101.71,101.83,14178308.0
12,2025-12-02,2025-12-02,101.53,101.8,100.31,101.03,11794980.0
12,2025-12-03,2025-12-03,101.895,103.09,101.52,102.27,12541641.0
12,2025-12-04,2025-12-04,102.1,102.6,100.54,100.89,12770712.0
12,2025-12-05,2025-12-05,101.4,102.09,99.19,99.72,16430388.0
12,2025-12-08,2025-12-08,99.38,99.67,97.81,98.93,12902587.0
12,2025-12-09,2025-12-09,99.32,99.85,96.055,96.89,16283945.0
12,2025-12-10,2025-12-10,98.09,98.17,96.47,97.62,18077712.0
12,2025-12-11,2025-12-11,98.44,99.14,97.578,99.01,11808178.0
12,2025-12-12,2025-12-12,98.96,100.66,98.315,100.3,11810788.0
12,2025-12-15,2025-12-15,99.99,100.94,98.0,100.26,16735873.0
12,2025-12-16,2025-12-16,100.3,100.34,96.79,98.27,16663614.0
12,2025-12-17,2025-12-17,98.18,100.135,98.06,99.18,13180992.0
12,2025-12-18,2025-12-18,99.27,101.37,98.86,100.69,14312767.0
12,2025-12-19,2025-12-19,100.6,102.195,100.11,101.09,44980247.0
12,2025-12-22,2025-12-22,100.69,104.95,100.4,104.72,17136247.0
12,2025-12-23,2025-12-23,104.51,105.3899,104.325,105.04,13587456.0
12,2025-12-24,2025-12-24,105.365,106.95,105.28,106.45,5335048.0
12,2025-12-26,2025-12-26,106.2,107.05,106.0301,106.78,6280701.0
12,2025-12-29,2025-12-29,106.51,107.59,106.425,106.62,8086890.0
12,2025-12-30,2025-12-30,106.65,106.88,105.64,106.06,6498303.0
12,2025-12-31,2025-12-31,105.935,106.1,104.99,105.26,7557325.0
12,2026-01-02,2026-01-02,105.53,106.6248,104.43,106.45,9992435.0
12,2026-01-05,2026-01-05,105.8,108.44,105.8,107.44,15863319.0
12,2026-01-06,2026-01-06,107.68,110.17,107.68,108.87,14478957.0
12,2026-01-07,2026-01-07,109.505,111.46,107.95,108.6,16322345.0
12,2026-01-08,2026-01-08,110.61,112.9,109.25,110.99,20278830.0
12,2026-01-09,2026-01-09,110.87,112.4799,110.22,110.53,11040798.0
12,2026-01-12,2026-01-12,110.97,111.46,108.78,109.19,10671910.0
12,2026-01-13,2026-01-13,109.05,109.31,107.22,108.26,9338579.0
12,2026-01-14,2026-01-14,108.97,111.225,107.95,111.01,11964625.0
12,2026-01-15,2026-01-15,110.62,111.58,108.45,110.97,11775844.0
12,2026-01-16,2026-01-16,110.715,110.73,108.43,108.83,14852069.0
12,2026-01-20,2026-01-20,108.11,109.64,106.93,109.45,15241138.0
12,2026-01-21,2026-01-21,109.19,111.97,108.73,111.11,12844383.0
12,2026-01-22,2026-01-22,110.78,111.32,108.585,109.18,9362585.0
12,2026-01-23,2026-01-23,109.0,109.09,107.21,108.18,10489492.0
12,2026-01-26,2026-01-26,107.8,108.42,107.06,107.4,9903240.0
12,2026-01-27,2026-01-27,107.5,108.35,106.84,107.92,7907088.0
12,2026-01-28,2026-01-28,106.85,107.93,106.03,106.9,7491691.0
12,2026-01-29,2026-01-29,107.325,109.93,107.1,108.34,13572813.0
12,2026-01-30,2026-01-30,108.59,110.535,107.95,110.27,19060604.0
12,2026-02-02,2026-02-02,110.12,113.89,109.9472,113.37,18000106.0
12,2026-02-03,2026-02-03,111.67,118.46,111.44,115.84,25793563.0
12,2026-02-04,2026-02-04,116.9,120.39,116.5,118.33,21954563.0
12,2026-02-05,2026-02-05,118.305,122.43,118.305,119.75,24010554.0
12,2026-02-06,2026-02-06,120.76,122.66,120.44,121.93,13083323.0
12,2026-02-09,2026-02-09,121.41,121.88,116.98,117.65,16158727.0
12,2026-02-10,2026-02-10,117.69,118.18,116.1,117.15,11849545.0
12,2026-02-11,2026-02-11,117.1,119.36,116.31,119.31,10885294.0
12,2026-02-12,2026-02-12,119.01,121.61,118.1248,119.24,13453271.0
12,2026-02-13,2026-02-13,121.5,123.33,121.03,121.41,10102324.0
12,2026-02-17,2026-02-17,122.99,123.08,120.795,121.57,9899761.0
12,2026-02-18,2026-02-18,121.35,121.81,120.39,121.66,7803418.0
12,2026-02-19,2026-02-19,121.14,122.6,120.5,121.86,8933309.0
12,2026-02-20,2026-02-20,122.015,122.695,120.6,122.26,9442855.0
12,2026-02-23,2026-02-23,122.31,124.19,121.503,123.82,9661100.0
12,2026-02-24,2026-02-24,123.36,124.84,122.6301,123.93,8460699.0
12,2026-02-25,2026-02-25,124.01,125.14,122.2601,122.46,11082500.0
12,2026-02-26,2026-02-26,122.46,122.5,119.0,119.3,10311669.0
12,2026-02-27,2026-02-27,119.68,124.0,119.68,123.82,17629413.0
